date,min_price,max_price,modal_price,month,day_of_week,price_change,price_change_pct,rolling_mean_7,rolling_mean_30,lag_1_temp,lag_7_temp,lag_30_temp,naive_prediction,actual_next_price
2023-06-06,800.0,970.0,900.0,6,1,,,,,,,,,900.0
2023-06-07,800.0,980.0,900.0,6,2,0.0,0.0,,,900.0,,,900.0,900.0
2023-06-08,800.0,970.0,900.0,6,3,0.0,0.0,,,900.0,,,900.0,900.0
2023-06-09,830.0,970.0,900.0,6,4,0.0,0.0,,,900.0,,,900.0,900.0
2023-06-10,830.0,980.0,910.0,6,5,10.0,1.1111111111111072,,,900.0,,,900.0,910.0
2023-06-11,840.0,1000.0,910.0,6,6,0.0,0.0,,,910.0,,,910.0,910.0
2023-06-12,840.0,1000.0,910.0,6,0,0.0,0.0,904.2857142857143,,910.0,,,910.0,910.0
2023-06-13,810.0,980.0,900.0,6,1,-10.0,-1.098901098901095,904.2857142857143,,910.0,900.0,,910.0,900.0
2023-06-14,850.0,1000.0,910.0,6,2,10.0,1.1111111111111072,905.7142857142857,,900.0,900.0,,900.0,910.0
2023-06-15,810.0,980.0,900.0,6,3,-10.0,-1.098901098901095,905.7142857142857,,910.0,900.0,,910.0,900.0
2023-06-16,830.0,1000.0,910.0,6,4,10.0,1.1111111111111072,907.1428571428571,,900.0,900.0,,900.0,910.0
2023-06-18,800.0,980.0,900.0,6,6,-10.0,-1.098901098901095,905.7142857142857,,910.0,910.0,,910.0,900.0
2023-06-19,820.0,990.0,900.0,6,0,0.0,0.0,904.2857142857143,,900.0,910.0,,900.0,900.0
2023-06-20,830.0,1000.0,910.0,6,1,10.0,1.1111111111111072,904.2857142857143,,900.0,910.0,,900.0,910.0
2023-06-21,840.0,980.0,910.0,6,2,0.0,0.0,905.7142857142857,,910.0,900.0,,910.0,910.0
2023-06-22,800.0,980.0,900.0,6,3,-10.0,-1.098901098901095,904.2857142857143,,910.0,910.0,,910.0,900.0
2023-06-23,830.0,1000.0,910.0,6,4,10.0,1.1111111111111072,905.7142857142857,,900.0,900.0,,900.0,910.0
2023-06-24,830.0,970.0,910.0,6,5,0.0,0.0,905.7142857142857,,910.0,910.0,,910.0,910.0
2023-06-25,850.0,1000.0,920.0,6,6,10.0,1.098901098901095,908.5714285714286,,910.0,900.0,,910.0,920.0
2023-06-26,830.0,1000.0,915.0,6,0,-5.0,-0.5434782608695676,910.7142857142857,,920.0,900.0,,920.0,915.0
2023-06-27,860.0,1000.0,940.0,6,1,25.0,2.732240437158473,915.0,,915.0,910.0,,915.0,940.0
2023-06-28,850.0,1000.0,925.0,6,2,-15.0,-1.5957446808510634,917.1428571428571,,940.0,910.0,,940.0,925.0
2023-06-29,840.0,1000.0,920.0,6,3,-5.0,-0.540540540540535,920.0,,925.0,900.0,,925.0,920.0
2023-06-30,840.0,1000.0,915.0,6,4,-5.0,-0.5434782608695676,920.7142857142857,,920.0,910.0,,920.0,915.0
2023-07-01,850.0,1000.0,930.0,7,5,15.0,1.6393442622950838,923.5714285714286,,915.0,910.0,,915.0,930.0
2023-07-02,860.0,1000.0,940.0,7,6,10.0,1.0752688172043001,926.4285714285714,,930.0,920.0,,930.0,940.0
2023-07-03,870.0,1020.0,950.0,7,0,10.0,1.0638297872340496,931.4285714285714,,940.0,915.0,,940.0,950.0
2023-07-04,940.0,1080.0,1020.0,7,1,70.0,7.36842105263158,942.8571428571429,,950.0,940.0,,950.0,1020.0
2023-07-05,900.0,1060.0,980.0,7,2,-40.0,-3.9215686274509776,950.7142857142857,,1020.0,925.0,,1020.0,980.0
2023-07-06,940.0,1100.0,1020.0,7,3,40.0,4.081632653061229,965.0,922.1666666666666,980.0,920.0,,980.0,1020.0
2023-07-07,940.0,1080.0,1020.0,7,4,0.0,0.0,980.0,926.1666666666666,1020.0,915.0,900.0,1020.0,1020.0
2023-07-08,950.0,1100.0,1035.0,7,5,15.0,1.4705882352941124,995.0,930.6666666666666,1020.0,930.0,900.0,1020.0,1035.0
2023-07-09,950.0,1100.0,1040.0,7,6,5.0,0.48309178743961567,1009.2857142857143,935.3333333333334,1035.0,940.0,900.0,1035.0,1040.0
2023-07-10,950.0,1120.0,1050.0,7,0,10.0,0.9615384615384581,1023.5714285714286,940.3333333333334,1040.0,950.0,900.0,1040.0,1050.0
2023-07-11,960.0,1100.0,1030.0,7,1,-20.0,-1.904761904761909,1025.0,944.3333333333334,1050.0,1020.0,910.0,1050.0,1030.0
2023-07-12,970.0,1120.0,1050.0,7,2,20.0,1.9417475728155331,1035.0,949.0,1030.0,980.0,910.0,1030.0,1050.0
2023-07-13,950.0,1100.0,1020.0,7,3,-30.0,-2.857142857142858,1035.0,952.6666666666666,1050.0,1020.0,910.0,1050.0,1020.0
2023-07-14,960.0,1100.0,1040.0,7,4,20.0,1.9607843137254832,1037.857142857143,957.3333333333334,1020.0,1020.0,900.0,1020.0,1040.0
2023-07-15,1000.0,1150.0,1080.0,7,5,40.0,3.8461538461538547,1044.2857142857142,963.0,1040.0,1035.0,910.0,1040.0,1080.0
2023-07-16,1020.0,1175.0,1100.0,7,6,20.0,1.85185185185186,1052.857142857143,969.6666666666666,1080.0,1040.0,900.0,1080.0,1100.0
2023-07-17,1000.0,1150.0,1080.0,7,0,-20.0,-1.8181818181818188,1057.142857142857,975.3333333333334,1100.0,1050.0,910.0,1100.0,1080.0
2023-07-18,1000.0,1150.0,1085.0,7,1,5.0,0.4629629629629539,1065.0,981.5,1080.0,1030.0,900.0,1080.0,1085.0
2023-07-19,1000.0,1150.0,1080.0,7,2,-5.0,-0.4608294930875556,1069.2857142857142,987.5,1085.0,1050.0,900.0,1085.0,1080.0
2023-07-20,1020.0,1180.0,1100.0,7,3,20.0,1.85185185185186,1080.7142857142858,993.8333333333334,1080.0,1020.0,910.0,1080.0,1100.0
2023-07-21,1000.0,1150.0,1070.0,7,4,-30.0,-2.7272727272727226,1085.0,999.1666666666666,1100.0,1040.0,910.0,1100.0,1070.0
2023-07-22,1000.0,1150.0,1070.0,7,5,0.0,0.0,1083.5714285714287,1004.8333333333334,1070.0,1080.0,900.0,1070.0,1070.0
2023-07-23,1000.0,1150.0,1080.0,7,6,10.0,0.9345794392523255,1080.7142857142858,1010.5,1070.0,1100.0,910.0,1070.0,1080.0
2023-07-24,1000.0,1160.0,1090.0,7,0,10.0,0.92592592592593,1082.142857142857,1016.5,1080.0,1080.0,910.0,1080.0,1090.0
2023-07-25,960.0,1120.0,1050.0,7,1,-40.0,-3.669724770642202,1077.142857142857,1020.8333333333334,1090.0,1085.0,920.0,1090.0,1050.0
2023-07-26,960.0,1100.0,1030.0,7,2,-20.0,-1.904761904761909,1070.0,1024.6666666666667,1050.0,1080.0,915.0,1050.0,1030.0
2023-07-27,1000.0,1140.0,1070.0,7,3,40.0,3.8834951456310662,1065.7142857142858,1029.0,1030.0,1100.0,940.0,1030.0,1070.0
2023-07-28,1000.0,1150.0,1070.0,7,4,0.0,0.0,1065.7142857142858,1033.8333333333333,1070.0,1070.0,925.0,1070.0,1070.0
2023-07-30,1000.0,1140.0,1070.0,7,6,0.0,0.0,1065.7142857142858,1038.8333333333333,1070.0,1070.0,920.0,1070.0,1070.0
2023-07-31,970.0,1120.0,1050.0,7,0,-20.0,-1.869158878504673,1061.4285714285713,1043.3333333333333,1070.0,1080.0,915.0,1070.0,1050.0
2023-08-01,1000.0,1135.0,1075.0,8,1,25.0,2.3809523809523725,1059.2857142857142,1048.1666666666667,1050.0,1090.0,930.0,1050.0,1075.0
2023-08-02,1000.0,1150.0,1080.0,8,2,5.0,0.46511627906977715,1063.5714285714287,1052.8333333333333,1075.0,1050.0,940.0,1075.0,1080.0
2023-08-03,1000.0,1140.0,1060.0,8,3,-20.0,-1.851851851851849,1067.857142857143,1056.5,1080.0,1030.0,950.0,1080.0,1060.0
2023-08-04,1020.0,1180.0,1100.0,8,4,40.0,3.7735849056603765,1072.142857142857,1059.1666666666667,1060.0,1070.0,1020.0,1060.0,1100.0
2023-08-05,1040.0,1200.0,1110.0,8,5,10.0,0.9090909090909038,1077.857142857143,1063.5,1100.0,1070.0,980.0,1100.0,1110.0
2023-08-06,1030.0,1170.0,1100.0,8,6,-10.0,-0.9009009009009028,1082.142857142857,1066.1666666666667,1110.0,1070.0,1020.0,1110.0,1100.0
2023-08-07,1030.0,1180.0,1100.0,8,0,0.0,0.0,1089.2857142857142,1068.8333333333333,1100.0,1050.0,1020.0,1100.0,1100.0
2023-08-08,1000.0,1150.0,1090.0,8,1,-10.0,-0.9090909090909038,1091.4285714285713,1070.6666666666667,1100.0,1075.0,1035.0,1100.0,1090.0
2023-08-09,1030.0,1175.0,1100.0,8,2,10.0,0.917431192660545,1094.2857142857142,1072.6666666666667,1090.0,1080.0,1040.0,1090.0,1100.0
2023-08-10,1040.0,1200.0,1110.0,8,3,10.0,0.9090909090909038,1101.4285714285713,1074.6666666666667,1100.0,1060.0,1050.0,1100.0,1110.0
2023-08-11,1040.0,1180.0,1110.0,8,4,0.0,0.0,1102.857142857143,1077.3333333333333,1110.0,1100.0,1030.0,1110.0,1110.0
2023-08-12,1050.0,1180.0,1115.0,8,5,5.0,0.45045045045044585,1103.5714285714287,1079.5,1110.0,1110.0,1050.0,1110.0,1115.0
2023-08-13,1030.0,1200.0,1120.0,8,6,5.0,0.4484304932735439,1106.4285714285713,1082.8333333333333,1115.0,1100.0,1020.0,1115.0,1120.0
2023-08-14,1030.0,1170.0,1100.0,8,0,-20.0,-1.7857142857142905,1106.4285714285713,1084.8333333333333,1120.0,1100.0,1040.0,1120.0,1100.0
2023-08-15,1050.0,1200.0,1120.0,8,1,20.0,1.8181818181818077,1110.7142857142858,1086.1666666666667,1100.0,1090.0,1080.0,1100.0,1120.0
2023-08-16,1050.0,1180.0,1110.0,8,2,-10.0,-0.8928571428571397,1112.142857142857,1086.5,1120.0,1100.0,1100.0,1120.0,1110.0
2023-08-17,1050.0,1180.0,1120.0,8,3,10.0,0.9009009009008917,1113.5714285714287,1087.8333333333333,1110.0,1110.0,1080.0,1110.0,1120.0
2023-08-18,1060.0,1200.0,1125.0,8,4,5.0,0.44642857142858094,1115.7142857142858,1089.1666666666667,1120.0,1110.0,1085.0,1120.0,1125.0
2023-08-19,1050.0,1180.0,1120.0,8,5,-5.0,-0.4444444444444473,1116.4285714285713,1090.5,1125.0,1115.0,1080.0,1125.0,1120.0
2023-08-20,1050.0,1200.0,1125.0,8,6,5.0,0.44642857142858094,1117.142857142857,1091.3333333333333,1120.0,1120.0,1100.0,1120.0,1125.0
2023-08-21,1060.0,1200.0,1120.0,8,0,-5.0,-0.4444444444444473,1120.0,1093.0,1125.0,1100.0,1070.0,1125.0,1120.0
2023-08-22,1030.0,1180.0,1100.0,8,1,-20.0,-1.7857142857142905,1117.142857142857,1094.0,1120.0,1120.0,1070.0,1120.0,1100.0
2023-08-23,1050.0,1200.0,1120.0,8,2,20.0,1.8181818181818077,1118.5714285714287,1095.3333333333333,1100.0,1110.0,1080.0,1100.0,1120.0
2023-08-24,1060.0,1190.0,1120.0,8,3,0.0,0.0,1118.5714285714287,1096.3333333333333,1120.0,1120.0,1090.0,1120.0,1120.0
2023-08-25,1050.0,1180.0,1110.0,8,4,-10.0,-0.8928571428571397,1116.4285714285713,1098.3333333333333,1120.0,1125.0,1050.0,1120.0,1110.0
2023-08-26,1060.0,1200.0,1120.0,8,5,10.0,0.9009009009008917,1116.4285714285713,1101.3333333333333,1110.0,1120.0,1030.0,1110.0,1120.0
2023-08-27,1030.0,1180.0,1100.0,8,6,-20.0,-1.7857142857142905,1112.857142857143,1102.3333333333333,1120.0,1125.0,1070.0,1120.0,1100.0
2023-08-28,1030.0,1180.0,1100.0,8,0,0.0,0.0,1110.0,1103.3333333333333,1100.0,1120.0,1070.0,1100.0,1100.0
2023-08-29,1000.0,1150.0,1080.0,8,1,-20.0,-1.8181818181818188,1107.142857142857,1103.6666666666667,1100.0,1100.0,1070.0,1100.0,1080.0
2023-08-30,1030.0,1175.0,1100.0,8,2,20.0,1.85185185185186,1104.2857142857142,1105.3333333333333,1080.0,1120.0,1050.0,1080.0,1100.0
2023-08-31,1000.0,1150.0,1080.0,8,3,-20.0,-1.8181818181818188,1098.5714285714287,1105.5,1100.0,1120.0,1075.0,1100.0,1080.0
2023-09-01,1030.0,1170.0,1100.0,9,4,20.0,1.85185185185186,1097.142857142857,1106.1666666666667,1080.0,1110.0,1080.0,1080.0,1100.0
2023-09-02,1030.0,1170.0,1100.0,9,5,0.0,0.0,1094.2857142857142,1107.5,1100.0,1120.0,1060.0,1100.0,1100.0
2023-09-03,1040.0,1180.0,1110.0,9,6,10.0,0.9090909090909038,1095.7142857142858,1107.8333333333333,1100.0,1100.0,1100.0,1100.0,1110.0
2023-09-04,1000.0,1165.0,1100.0,9,0,-10.0,-0.9009009009009028,1095.7142857142858,1107.5,1110.0,1100.0,1110.0,1110.0,1100.0
2023-09-05,1050.0,1200.0,1120.0,9,1,20.0,1.8181818181818077,1101.4285714285713,1108.1666666666667,1100.0,1080.0,1100.0,1100.0,1120.0
2023-09-06,1020.0,1175.0,1100.0,9,2,-20.0,-1.7857142857142905,1101.4285714285713,1108.1666666666667,1120.0,1100.0,1100.0,1120.0,1100.0
2023-09-07,1000.0,1160.0,1090.0,9,3,-10.0,-0.9090909090909038,1102.857142857143,1108.1666666666667,1100.0,1080.0,1090.0,1100.0,1090.0
2023-09-08,1000.0,1140.0,1080.0,9,4,-10.0,-0.917431192660545,1100.0,1107.5,1090.0,1100.0,1100.0,1090.0,1080.0
2023-09-09,1010.0,1150.0,1080.0,9,5,0.0,0.0,1097.142857142857,1106.5,1080.0,1100.0,1110.0,1080.0,1080.0
2023-09-10,1000.0,1120.0,1050.0,9,6,-30.0,-2.777777777777779,1088.5714285714287,1104.5,1080.0,1110.0,1110.0,1080.0,1050.0
2023-09-11,1020.0,1140.0,1080.0,9,0,30.0,2.857142857142847,1085.7142857142858,1103.3333333333333,1050.0,1100.0,1115.0,1050.0,1080.0
2023-09-12,1000.0,1150.0,1080.0,9,1,0.0,0.0,1080.0,1102.0,1080.0,1120.0,1120.0,1080.0,1080.0
2023-09-13,960.0,1100.0,1020.0,9,2,-60.0,-5.555555555555558,1068.5714285714287,1099.3333333333333,1080.0,1100.0,1100.0,1080.0,1020.0
2023-09-14,940.0,1080.0,1010.0,9,3,-10.0,-0.9803921568627416,1057.142857142857,1095.6666666666667,1020.0,1090.0,1120.0,1020.0,1010.0
2023-09-15,970.0,1100.0,1050.0,9,4,40.0,3.960396039603964,1052.857142857143,1093.6666666666667,1010.0,1080.0,1110.0,1010.0,1050.0
2023-09-16,930.0,1080.0,1000.0,9,5,-50.0,-4.761904761904767,1041.4285714285713,1089.6666666666667,1050.0,1080.0,1120.0,1050.0,1000.0
2023-09-17,920.0,1080.0,1000.0,9,6,0.0,0.0,1034.2857142857142,1085.5,1000.0,1050.0,1125.0,1000.0,1000.0
2023-09-18,910.0,1070.0,1000.0,9,0,0.0,0.0,1022.8571428571429,1081.5,1000.0,1080.0,1120.0,1000.0,1000.0
2023-09-19,910.0,1070.0,1000.0,9,1,0.0,0.0,1011.4285714285714,1077.3333333333333,1000.0,1080.0,1125.0,1000.0,1000.0
2023-09-20,940.0,1100.0,1020.0,9,2,20.0,2.0000000000000018,1011.4285714285714,1074.0,1000.0,1020.0,1120.0,1000.0,1020.0
2023-09-21,950.0,1100.0,1020.0,9,3,0.0,0.0,1012.8571428571429,1071.3333333333333,1020.0,1010.0,1100.0,1020.0,1020.0
2023-09-22,920.0,1080.0,1000.0,9,4,-20.0,-1.9607843137254943,1005.7142857142857,1067.3333333333333,1020.0,1050.0,1120.0,1020.0,1000.0
2023-09-23,900.0,1030.0,950.0,9,5,-50.0,-5.000000000000004,998.5714285714286,1061.6666666666667,1000.0,1000.0,1120.0,1000.0,950.0
2023-09-24,900.0,1020.0,950.0,9,6,0.0,0.0,991.4285714285714,1056.3333333333333,950.0,1000.0,1110.0,950.0,950.0
2023-09-25,900.0,1000.0,950.0,9,0,0.0,0.0,984.2857142857143,1050.6666666666667,950.0,1000.0,1120.0,950.0,950.0
2023-09-26,900.0,1000.0,950.0,9,1,0.0,0.0,977.1428571428571,1045.6666666666667,950.0,1000.0,1100.0,950.0,950.0
2023-09-27,880.0,1000.0,950.0,9,2,0.0,0.0,967.1428571428571,1040.6666666666667,950.0,1020.0,1100.0,950.0,950.0
2023-09-28,860.0,1000.0,930.0,9,3,-20.0,-2.1052631578947323,954.2857142857143,1035.6666666666667,950.0,1020.0,1080.0,950.0,930.0
2023-09-29,880.0,1010.0,950.0,9,4,20.0,2.1505376344086002,947.1428571428571,1030.6666666666667,930.0,1000.0,1100.0,930.0,950.0
2023-09-30,900.0,1000.0,950.0,9,5,0.0,0.0,947.1428571428571,1026.3333333333333,950.0,950.0,1080.0,950.0,950.0
2023-10-01,860.0,1000.0,940.0,10,6,-10.0,-1.0526315789473717,945.7142857142857,1021.0,950.0,950.0,1100.0,950.0,940.0
2023-10-03,900.0,1020.0,960.0,10,1,20.0,2.127659574468077,947.1428571428571,1016.3333333333334,940.0,950.0,1100.0,940.0,960.0
2023-10-04,900.0,1000.0,950.0,10,2,-10.0,-1.041666666666663,947.1428571428571,1011.0,960.0,950.0,1110.0,960.0,950.0
2023-10-05,880.0,1000.0,950.0,10,3,0.0,0.0,947.1428571428571,1006.0,950.0,950.0,1100.0,950.0,950.0
2023-10-06,870.0,1000.0,940.0,10,4,-10.0,-1.0526315789473717,948.5714285714286,1000.0,950.0,930.0,1120.0,950.0,940.0
2023-10-07,900.0,1020.0,950.0,10,5,10.0,1.0638297872340496,948.5714285714286,995.0,940.0,950.0,1100.0,940.0,950.0
2023-10-08,880.0,1000.0,950.0,10,6,0.0,0.0,948.5714285714286,990.3333333333334,950.0,950.0,1090.0,950.0,950.0
2023-10-09,900.0,1020.0,960.0,10,0,10.0,1.0526315789473717,951.4285714285714,986.3333333333334,950.0,940.0,1080.0,950.0,960.0
2023-10-10,850.0,1000.0,930.0,10,1,-30.0,-3.125,947.1428571428571,981.3333333333334,960.0,960.0,1080.0,960.0,930.0
2023-10-11,900.0,1010.0,950.0,10,2,20.0,2.1505376344086002,947.1428571428571,978.0,930.0,950.0,1050.0,930.0,950.0
2023-10-12,870.0,1020.0,940.0,10,3,-10.0,-1.0526315789473717,945.7142857142857,973.3333333333334,950.0,950.0,1080.0,950.0,940.0
2023-10-13,900.0,1000.0,950.0,10,4,10.0,1.0638297872340496,947.1428571428571,969.0,940.0,940.0,1080.0,940.0,950.0
2023-10-14,850.0,1020.0,940.0,10,5,-10.0,-1.0526315789473717,945.7142857142857,966.3333333333334,950.0,950.0,1020.0,950.0,940.0
2023-10-15,880.0,1020.0,950.0,10,6,10.0,1.0638297872340496,945.7142857142857,964.3333333333334,940.0,950.0,1010.0,940.0,950.0
2023-10-16,850.0,1000.0,930.0,10,0,-20.0,-2.1052631578947323,941.4285714285714,960.3333333333334,950.0,960.0,1050.0,950.0,930.0
2023-10-17,880.0,1000.0,950.0,10,1,20.0,2.1505376344086002,944.2857142857143,958.6666666666666,930.0,930.0,1000.0,930.0,950.0
2023-10-18,880.0,1000.0,940.0,10,2,-10.0,-1.0526315789473717,942.8571428571429,956.6666666666666,950.0,950.0,1000.0,950.0,940.0
2023-10-19,900.0,1000.0,950.0,10,3,10.0,1.0638297872340496,944.2857142857143,955.0,940.0,940.0,1000.0,940.0,950.0
2023-10-20,880.0,1000.0,940.0,10,4,-10.0,-1.0526315789473717,942.8571428571429,953.0,950.0,950.0,1000.0,950.0,940.0
2023-10-21,850.0,1000.0,935.0,10,5,-5.0,-0.5319148936170248,942.1428571428571,950.1666666666666,940.0,940.0,1020.0,940.0,935.0
2023-10-22,880.0,1000.0,950.0,10,6,15.0,1.6042780748663166,942.1428571428571,947.8333333333334,935.0,950.0,1020.0,935.0,950.0
2023-10-23,870.0,1010.0,960.0,10,0,10.0,1.0526315789473717,946.4285714285714,946.5,950.0,930.0,1000.0,950.0,960.0
2023-10-24,880.0,1000.0,950.0,10,1,-10.0,-1.041666666666663,946.4285714285714,946.5,960.0,950.0,950.0,960.0,950.0
2023-10-25,870.0,1000.0,940.0,10,2,-10.0,-1.0526315789473717,946.4285714285714,946.1666666666666,950.0,940.0,950.0,950.0,940.0
2023-10-26,870.0,1000.0,950.0,10,3,10.0,1.0638297872340496,946.4285714285714,946.1666666666666,940.0,950.0,950.0,940.0,950.0
2023-10-27,860.0,1000.0,930.0,10,4,-20.0,-2.1052631578947323,945.0,945.5,950.0,940.0,950.0,950.0,930.0
2023-10-28,880.0,1000.0,940.0,10,5,10.0,1.0752688172043001,945.7142857142857,945.1666666666666,930.0,935.0,950.0,930.0,940.0
2023-10-29,850.0,1000.0,920.0,10,6,-20.0,-2.127659574468088,941.4285714285714,944.8333333333334,940.0,950.0,930.0,940.0,920.0
2023-10-30,860.0,1000.0,930.0,10,0,10.0,1.0869565217391353,937.1428571428571,944.1666666666666,920.0,960.0,950.0,920.0,930.0
2023-10-31,850.0,1000.0,920.0,10,1,-10.0,-1.0752688172043001,932.8571428571429,943.1666666666666,930.0,950.0,950.0,930.0,920.0
2023-11-01,860.0,1000.0,930.0,11,2,10.0,1.0869565217391353,931.4285714285714,942.8333333333334,920.0,940.0,940.0,920.0,930.0
2023-11-02,850.0,1000.0,920.0,11,3,-10.0,-1.0752688172043001,927.1428571428571,941.5,930.0,950.0,960.0,930.0,920.0
2023-11-03,850.0,1000.0,930.0,11,4,10.0,1.0869565217391353,927.1428571428571,940.8333333333334,920.0,930.0,950.0,920.0,930.0
2023-11-04,850.0,980.0,910.0,11,5,-20.0,-2.1505376344086002,922.8571428571429,939.5,930.0,940.0,950.0,930.0,910.0
2023-11-05,840.0,980.0,910.0,11,6,0.0,0.0,921.4285714285714,938.5,910.0,920.0,940.0,910.0,910.0
2023-11-06,830.0,970.0,900.0,11,0,-10.0,-1.098901098901095,917.1428571428571,936.8333333333334,910.0,930.0,950.0,910.0,900.0
2023-11-07,800.0,960.0,890.0,11,1,-10.0,-1.1111111111111072,912.8571428571429,934.8333333333334,900.0,920.0,950.0,900.0,890.0
2023-11-08,800.0,950.0,880.0,11,2,-10.0,-1.1235955056179803,905.7142857142857,932.1666666666666,890.0,930.0,960.0,890.0,880.0
2023-11-09,800.0,950.0,890.0,11,3,10.0,1.1363636363636465,901.4285714285714,930.8333333333334,880.0,920.0,930.0,880.0,890.0
2023-11-10,800.0,910.0,860.0,11,4,-30.0,-3.3707865168539297,891.4285714285714,927.8333333333334,890.0,930.0,950.0,890.0,860.0
2023-11-11,800.0,940.0,870.0,11,5,10.0,1.1627906976744207,885.7142857142857,925.5,860.0,910.0,940.0,860.0,870.0
2023-11-14,800.0,940.0,870.0,11,1,0.0,0.0,880.0,922.8333333333334,870.0,910.0,950.0,870.0,870.0
2023-11-15,800.0,940.0,880.0,11,2,10.0,1.1494252873563315,877.1428571428571,920.8333333333334,870.0,900.0,940.0,870.0,880.0
2023-11-16,800.0,940.0,870.0,11,3,-10.0,-1.1363636363636354,874.2857142857143,918.1666666666666,880.0,890.0,950.0,880.0,870.0
2023-11-17,800.0,910.0,850.0,11,4,-20.0,-2.298850574712641,870.0,915.5,870.0,880.0,930.0,870.0,850.0
2023-11-18,800.0,900.0,850.0,11,5,0.0,0.0,864.2857142857143,912.1666666666666,850.0,890.0,950.0,850.0,850.0
2023-11-19,770.0,900.0,840.0,11,6,-10.0,-1.17647058823529,861.4285714285714,908.8333333333334,850.0,860.0,940.0,850.0,840.0
2023-11-20,800.0,920.0,850.0,11,0,10.0,1.1904761904761862,858.5714285714286,905.5,840.0,870.0,950.0,840.0,850.0
2023-11-21,780.0,900.0,850.0,11,1,0.0,0.0,855.7142857142857,902.5,850.0,870.0,940.0,850.0,850.0
2023-11-22,760.0,900.0,830.0,11,2,-20.0,-2.352941176470591,848.5714285714286,899.0,850.0,880.0,935.0,850.0,830.0
2023-11-23,750.0,900.0,820.0,11,3,-10.0,-1.2048192771084376,841.4285714285714,894.6666666666666,830.0,870.0,950.0,830.0,820.0
2023-11-24,760.0,900.0,830.0,11,4,10.0,1.2195121951219523,838.5714285714286,890.3333333333334,820.0,850.0,960.0,820.0,830.0
2023-11-25,760.0,900.0,830.0,11,5,0.0,0.0,835.7142857142857,886.3333333333334,830.0,850.0,950.0,830.0,830.0
2023-11-26,760.0,900.0,840.0,11,6,10.0,1.2048192771084265,835.7142857142857,883.0,830.0,840.0,940.0,830.0,840.0
2023-11-27,750.0,900.0,830.0,11,0,-10.0,-1.1904761904761862,832.8571428571429,879.0,840.0,850.0,950.0,840.0,830.0
2023-11-28,760.0,900.0,830.0,11,1,0.0,0.0,830.0,875.6666666666666,830.0,850.0,930.0,830.0,830.0
2023-11-29,760.0,900.0,840.0,11,2,10.0,1.2048192771084265,831.4285714285714,872.3333333333334,830.0,830.0,940.0,830.0,840.0
2023-11-30,730.0,870.0,800.0,11,3,-40.0,-4.761904761904767,828.5714285714286,868.3333333333334,840.0,820.0,920.0,840.0,800.0
2023-12-01,700.0,880.0,800.0,12,4,0.0,0.0,824.2857142857143,864.0,800.0,830.0,930.0,800.0,800.0
2023-12-02,750.0,880.0,800.0,12,5,0.0,0.0,820.0,860.0,800.0,830.0,920.0,800.0,800.0
2023-12-03,780.0,900.0,850.0,12,6,50.0,6.25,821.4285714285714,857.3333333333334,800.0,840.0,930.0,800.0,850.0
2023-12-04,780.0,920.0,850.0,12,0,0.0,0.0,824.2857142857143,855.0,850.0,830.0,920.0,850.0,850.0
2023-12-05,800.0,920.0,860.0,12,1,10.0,1.17647058823529,828.5714285714286,852.6666666666666,850.0,830.0,930.0,850.0,860.0
2023-12-06,720.0,880.0,800.0,12,2,-60.0,-6.976744186046513,822.8571428571429,849.0,860.0,840.0,910.0,860.0,800.0
2023-12-07,800.0,940.0,870.0,12,3,70.0,8.749999999999991,832.8571428571429,847.6666666666666,800.0,800.0,910.0,800.0,870.0
2023-12-08,780.0,930.0,850.0,12,4,-20.0,-2.298850574712641,840.0,846.0,870.0,800.0,900.0,870.0,850.0
2023-12-09,750.0,900.0,830.0,12,5,-20.0,-2.352941176470591,844.2857142857143,844.0,850.0,800.0,890.0,850.0,830.0
2023-12-10,770.0,910.0,840.0,12,6,10.0,1.2048192771084265,842.8571428571429,842.6666666666666,830.0,850.0,880.0,830.0,840.0
2023-12-11,780.0,910.0,850.0,12,0,10.0,1.1904761904761862,842.8571428571429,841.3333333333334,840.0,850.0,890.0,840.0,850.0
2023-12-12,760.0,900.0,820.0,12,1,-30.0,-3.529411764705881,837.1428571428571,840.0,850.0,860.0,860.0,850.0,820.0
2023-12-13,800.0,950.0,870.0,12,2,50.0,6.0975609756097615,847.1428571428571,840.0,820.0,800.0,870.0,820.0,870.0
2023-12-14,780.0,920.0,860.0,12,3,-10.0,-1.1494252873563204,845.7142857142857,839.6666666666666,870.0,870.0,870.0,870.0,860.0
2023-12-15,800.0,950.0,870.0,12,4,10.0,1.1627906976744207,848.5714285714286,839.3333333333334,860.0,850.0,880.0,860.0,870.0
2023-12-16,790.0,900.0,850.0,12,5,-20.0,-2.298850574712641,851.4285714285714,838.6666666666666,870.0,830.0,870.0,870.0,850.0
2023-12-17,710.0,880.0,800.0,12,6,-50.0,-5.882352941176472,845.7142857142857,837.0,850.0,840.0,850.0,850.0,800.0
2023-12-18,730.0,875.0,800.0,12,0,0.0,0.0,838.5714285714286,835.3333333333334,800.0,850.0,850.0,800.0,800.0
2023-12-19,700.0,800.0,750.0,12,1,-50.0,-6.25,828.5714285714286,832.3333333333334,800.0,820.0,840.0,800.0,750.0
2023-12-20,700.0,800.0,750.0,12,2,0.0,0.0,811.4285714285714,829.0,750.0,870.0,850.0,750.0,750.0
2023-12-21,640.0,780.0,700.0,12,3,-50.0,-6.666666666666665,788.5714285714286,824.0,750.0,860.0,850.0,750.0,700.0
2023-12-22,650.0,780.0,700.0,12,4,0.0,0.0,764.2857142857143,819.6666666666666,700.0,870.0,830.0,700.0,700.0
2023-12-23,600.0,720.0,680.0,12,5,-20.0,-2.857142857142858,740.0,815.0,700.0,850.0,820.0,700.0,680.0
2023-12-24,600.0,700.0,650.0,12,6,-30.0,-4.411764705882348,718.5714285714286,809.0,680.0,800.0,830.0,680.0,650.0
2023-12-25,600.0,700.0,650.0,12,0,0.0,0.0,697.1428571428571,803.0,650.0,800.0,830.0,650.0,650.0
2023-12-26,600.0,710.0,660.0,12,1,10.0,1.538461538461533,684.2857142857143,797.0,650.0,750.0,840.0,650.0,660.0
2023-12-27,640.0,760.0,700.0,12,2,40.0,6.060606060606055,677.1428571428571,792.6666666666666,660.0,750.0,830.0,660.0,700.0
2023-12-28,600.0,700.0,650.0,12,3,-50.0,-7.14285714285714,670.0,786.6666666666666,700.0,700.0,830.0,700.0,650.0
2023-12-29,600.0,710.0,660.0,12,4,10.0,1.538461538461533,664.2857142857143,780.6666666666666,650.0,700.0,840.0,650.0,660.0
2023-12-30,600.0,700.0,650.0,12,5,-10.0,-1.5151515151515138,660.0,775.6666666666666,660.0,680.0,800.0,660.0,650.0
2023-12-31,600.0,720.0,650.0,12,6,0.0,0.0,660.0,770.6666666666666,650.0,650.0,800.0,650.0,650.0
2024-01-01,570.0,700.0,630.0,1,0,-20.0,-3.076923076923077,657.1428571428571,765.0,650.0,650.0,800.0,650.0,630.0
2024-01-02,560.0,700.0,630.0,1,1,0.0,0.0,652.8571428571429,757.6666666666666,630.0,660.0,850.0,630.0,630.0
2024-01-03,650.0,800.0,730.0,1,2,100.0,15.873015873015884,657.1428571428571,753.6666666666666,630.0,700.0,850.0,630.0,730.0
2024-01-04,630.0,770.0,700.0,1,3,-30.0,-4.109589041095896,664.2857142857143,748.3333333333334,730.0,650.0,860.0,730.0,700.0
2024-01-05,600.0,700.0,650.0,1,4,-50.0,-7.14285714285714,662.8571428571429,743.3333333333334,700.0,660.0,800.0,700.0,650.0
2024-01-06,600.0,740.0,680.0,1,5,30.0,4.615384615384621,667.1428571428571,737.0,650.0,650.0,870.0,650.0,680.0
2024-01-07,600.0,720.0,660.0,1,6,-20.0,-2.941176470588236,668.5714285714286,730.6666666666666,680.0,650.0,850.0,680.0,660.0
2024-01-08,590.0,700.0,650.0,1,0,-10.0,-1.5151515151515138,671.4285714285714,724.6666666666666,660.0,630.0,830.0,660.0,650.0
2024-01-09,620.0,780.0,700.0,1,1,50.0,7.692307692307687,681.4285714285714,720.0,650.0,630.0,840.0,650.0,700.0
2024-01-10,630.0,780.0,700.0,1,2,0.0,0.0,677.1428571428571,715.0,700.0,730.0,850.0,700.0,700.0
2024-01-11,650.0,780.0,710.0,1,3,10.0,1.4285714285714235,678.5714285714286,711.3333333333334,700.0,700.0,820.0,700.0,710.0
2024-01-12,630.0,760.0,700.0,1,4,-10.0,-1.4084507042253502,685.7142857142857,705.6666666666666,710.0,650.0,870.0,710.0,700.0
2024-01-13,650.0,780.0,710.0,1,5,10.0,1.4285714285714235,690.0,700.6666666666666,700.0,680.0,860.0,700.0,710.0
2024-01-14,600.0,740.0,680.0,1,6,-30.0,-4.225352112676061,692.8571428571429,694.3333333333334,710.0,660.0,870.0,710.0,680.0
2024-01-15,600.0,730.0,680.0,1,0,0.0,0.0,697.1428571428571,688.6666666666666,680.0,650.0,850.0,680.0,680.0
2024-01-16,620.0,780.0,700.0,1,1,20.0,2.941176470588225,697.1428571428571,685.3333333333334,680.0,700.0,800.0,680.0,700.0
2024-01-17,600.0,720.0,670.0,1,2,-30.0,-4.285714285714281,692.8571428571429,681.0,700.0,700.0,800.0,700.0,670.0
2024-01-18,600.0,750.0,680.0,1,3,10.0,1.4925373134328401,688.5714285714286,678.6666666666666,670.0,710.0,750.0,670.0,680.0
2024-01-19,620.0,780.0,700.0,1,4,20.0,2.941176470588225,688.5714285714286,677.0,680.0,700.0,750.0,680.0,700.0
2024-01-20,650.0,760.0,710.0,1,5,10.0,1.4285714285714235,688.5714285714286,677.3333333333334,700.0,710.0,700.0,700.0,710.0
2024-01-21,640.0,750.0,700.0,1,6,-10.0,-1.4084507042253502,691.4285714285714,677.3333333333334,710.0,680.0,700.0,710.0,700.0
2024-01-22,630.0,780.0,700.0,1,0,0.0,0.0,694.2857142857143,678.0,700.0,680.0,680.0,700.0,700.0
2024-01-23,600.0,730.0,670.0,1,1,-30.0,-4.285714285714281,690.0,678.6666666666666,700.0,700.0,650.0,700.0,670.0
2024-01-24,600.0,740.0,670.0,1,2,0.0,0.0,690.0,679.3333333333334,670.0,670.0,650.0,670.0,670.0
2024-01-25,600.0,740.0,680.0,1,3,10.0,1.4925373134328401,690.0,680.0,670.0,680.0,660.0,670.0,680.0
2024-01-26,600.0,750.0,680.0,1,4,0.0,0.0,687.1428571428571,679.3333333333334,680.0,700.0,700.0,680.0,680.0
2024-01-27,600.0,740.0,680.0,1,5,0.0,0.0,682.8571428571429,680.3333333333334,680.0,710.0,650.0,680.0,680.0
2024-01-28,610.0,740.0,680.0,1,6,0.0,0.0,680.0,681.0,680.0,700.0,660.0,680.0,680.0
2024-01-29,580.0,710.0,660.0,1,0,-20.0,-2.941176470588236,674.2857142857143,681.3333333333334,680.0,700.0,650.0,680.0,660.0
2024-01-30,600.0,700.0,650.0,1,1,-10.0,-1.5151515151515138,671.4285714285714,681.3333333333334,660.0,670.0,650.0,660.0,650.0
2024-01-31,580.0,700.0,650.0,1,2,0.0,0.0,668.5714285714286,682.0,650.0,670.0,630.0,650.0,650.0
2024-02-01,600.0,720.0,660.0,2,3,10.0,1.538461538461533,665.7142857142857,683.0,650.0,680.0,630.0,650.0,660.0
2024-02-02,590.0,700.0,650.0,2,4,-10.0,-1.5151515151515138,661.4285714285714,680.3333333333334,660.0,680.0,730.0,660.0,650.0
2024-02-03,600.0,720.0,660.0,2,5,10.0,1.538461538461533,658.5714285714286,679.0,650.0,680.0,700.0,650.0,660.0
2024-02-04,600.0,700.0,650.0,2,6,-10.0,-1.5151515151515138,654.2857142857143,679.0,660.0,680.0,650.0,660.0,650.0
2024-02-05,600.0,750.0,680.0,2,0,30.0,4.615384615384621,657.1428571428571,679.0,650.0,660.0,680.0,650.0,680.0
2024-02-06,600.0,700.0,650.0,2,1,-30.0,-4.411764705882348,657.1428571428571,678.6666666666666,680.0,650.0,660.0,680.0,650.0
2024-02-07,580.0,700.0,650.0,2,2,0.0,0.0,657.1428571428571,678.6666666666666,650.0,650.0,650.0,650.0,650.0
2024-02-08,600.0,740.0,670.0,2,3,20.0,3.076923076923066,658.5714285714286,677.6666666666666,650.0,660.0,700.0,650.0,670.0
2024-02-09,600.0,700.0,650.0,2,4,-20.0,-2.985074626865669,658.5714285714286,676.0,670.0,650.0,700.0,670.0,650.0
2024-02-10,600.0,720.0,660.0,2,5,10.0,1.538461538461533,658.5714285714286,674.3333333333334,650.0,660.0,710.0,650.0,660.0
2024-02-11,590.0,700.0,650.0,2,6,-10.0,-1.5151515151515138,658.5714285714286,672.6666666666666,660.0,650.0,700.0,660.0,650.0
2024-02-12,600.0,710.0,660.0,2,0,10.0,1.538461538461533,655.7142857142857,671.0,650.0,680.0,710.0,650.0,660.0
2024-02-13,600.0,740.0,680.0,2,1,20.0,3.0303030303030276,660.0,671.0,660.0,650.0,680.0,660.0,680.0
2024-02-14,620.0,780.0,700.0,2,2,20.0,2.941176470588225,667.1428571428571,671.6666666666666,680.0,650.0,680.0,680.0,700.0
2024-02-15,600.0,730.0,680.0,2,3,-20.0,-2.857142857142858,668.5714285714286,671.0,700.0,670.0,700.0,700.0,680.0
2024-02-16,600.0,750.0,680.0,2,4,0.0,0.0,672.8571428571429,671.3333333333334,680.0,650.0,670.0,680.0,680.0
2024-02-17,620.0,780.0,700.0,2,5,20.0,2.941176470588225,678.5714285714286,672.0,680.0,660.0,680.0,680.0,700.0
2024-02-18,680.0,800.0,750.0,2,6,50.0,7.14285714285714,692.8571428571429,673.6666666666666,700.0,650.0,700.0,700.0,750.0
2024-02-19,700.0,800.0,750.0,2,0,0.0,0.0,705.7142857142857,675.0,750.0,660.0,710.0,750.0,750.0
2024-02-20,730.0,880.0,800.0,2,1,50.0,6.666666666666665,722.8571428571429,678.3333333333334,750.0,680.0,700.0,750.0,800.0
2024-02-21,780.0,900.0,850.0,2,2,50.0,6.25,744.2857142857143,683.3333333333334,800.0,700.0,700.0,800.0,850.0
2024-02-22,800.0,920.0,860.0,2,3,10.0,1.17647058823529,770.0,689.6666666666666,850.0,680.0,670.0,850.0,860.0
2024-02-23,830.0,970.0,900.0,2,4,40.0,4.651162790697683,801.4285714285714,697.3333333333334,860.0,680.0,670.0,860.0,900.0
2024-02-24,850.0,1000.0,930.0,2,5,30.0,3.3333333333333437,834.2857142857143,705.6666666666666,900.0,700.0,680.0,900.0,930.0
2024-02-25,900.0,1000.0,950.0,2,6,20.0,2.1505376344086002,862.8571428571429,714.6666666666666,930.0,750.0,680.0,930.0,950.0
2024-02-26,880.0,1000.0,950.0,2,0,0.0,0.0,891.4285714285714,723.6666666666666,950.0,750.0,680.0,950.0,950.0
2024-02-27,900.0,1040.0,970.0,2,1,20.0,2.1052631578947434,915.7142857142857,733.3333333333334,950.0,800.0,680.0,950.0,970.0
2024-02-28,900.0,1030.0,970.0,2,2,0.0,0.0,932.8571428571429,743.6666666666666,970.0,850.0,660.0,970.0,970.0
2024-02-29,900.0,1030.0,980.0,2,3,10.0,1.0309278350515427,950.0,754.6666666666666,970.0,860.0,650.0,970.0,980.0
2024-03-01,930.0,1070.0,1000.0,3,4,20.0,2.0408163265306145,964.2857142857143,766.3333333333334,980.0,900.0,650.0,980.0,1000.0
2024-03-02,1030.0,1180.0,1100.0,3,5,100.0,10.000000000000009,988.5714285714286,781.0,1000.0,930.0,660.0,1000.0,1100.0
2024-03-03,970.0,1100.0,1050.0,3,6,-50.0,-4.545454545454541,1002.8571428571429,794.3333333333334,1100.0,950.0,650.0,1100.0,1050.0
2024-03-04,930.0,1080.0,1000.0,3,0,-50.0,-4.761904761904767,1010.0,805.6666666666666,1050.0,950.0,660.0,1050.0,1000.0
2024-03-05,980.0,1100.0,1050.0,3,1,50.0,5.000000000000004,1021.4285714285714,819.0,1000.0,970.0,650.0,1000.0,1050.0
2024-03-06,920.0,1080.0,1000.0,3,2,-50.0,-4.761904761904767,1025.7142857142858,829.6666666666666,1050.0,970.0,680.0,1050.0,1000.0
2024-03-07,960.0,1100.0,1020.0,3,3,20.0,2.0000000000000018,1031.4285714285713,842.0,1000.0,980.0,650.0,1000.0,1020.0
2024-03-08,980.0,1100.0,1050.0,3,4,30.0,2.941176470588225,1038.5714285714287,855.3333333333334,1020.0,1000.0,650.0,1020.0,1050.0
2024-03-09,970.0,1120.0,1040.0,3,5,-10.0,-0.952380952380949,1030.0,867.6666666666666,1050.0,1100.0,670.0,1050.0,1040.0
2024-03-10,950.0,1100.0,1030.0,3,6,-10.0,-0.9615384615384581,1027.142857142857,880.3333333333334,1040.0,1050.0,650.0,1040.0,1030.0
2024-03-11,1030.0,1170.0,1100.0,3,0,70.0,6.796116504854366,1041.4285714285713,895.0,1030.0,1000.0,660.0,1030.0,1100.0
2024-03-12,1100.0,1220.0,1150.0,3,1,50.0,4.545454545454541,1055.7142857142858,911.6666666666666,1100.0,1050.0,650.0,1100.0,1150.0
2024-03-13,1130.0,1280.0,1200.0,3,2,50.0,4.347826086956519,1084.2857142857142,929.6666666666666,1150.0,1000.0,660.0,1150.0,1200.0
2024-03-14,1180.0,1300.0,1250.0,3,3,50.0,4.166666666666674,1117.142857142857,948.6666666666666,1200.0,1020.0,680.0,1200.0,1250.0
2024-03-15,1330.0,1470.0,1400.0,3,4,150.0,12.00000000000001,1167.142857142857,972.0,1250.0,1050.0,700.0,1250.0,1400.0
2024-03-16,1280.0,1400.0,1350.0,3,5,-50.0,-3.57142857142857,1211.4285714285713,994.3333333333334,1400.0,1040.0,680.0,1400.0,1350.0
2024-03-17,1270.0,1400.0,1350.0,3,6,0.0,0.0,1257.142857142857,1016.6666666666666,1350.0,1030.0,680.0,1350.0,1350.0
2024-03-18,1270.0,1400.0,1350.0,3,0,0.0,0.0,1292.857142857143,1038.3333333333333,1350.0,1100.0,700.0,1350.0,1350.0
2024-03-19,1280.0,1410.0,1350.0,3,1,0.0,0.0,1321.4285714285713,1058.3333333333333,1350.0,1150.0,750.0,1350.0,1350.0
2024-03-20,1290.0,1420.0,1360.0,3,2,10.0,0.7407407407407307,1344.2857142857142,1078.6666666666667,1350.0,1200.0,750.0,1350.0,1360.0
2024-03-21,1300.0,1440.0,1370.0,3,3,10.0,0.7352941176470562,1361.4285714285713,1097.6666666666667,1360.0,1250.0,800.0,1360.0,1370.0
2024-03-22,1330.0,1470.0,1400.0,3,4,30.0,2.1897810218978186,1361.4285714285713,1116.0,1370.0,1400.0,850.0,1370.0,1400.0
2024-03-23,1270.0,1400.0,1340.0,3,5,-60.0,-4.285714285714281,1360.0,1132.0,1400.0,1350.0,860.0,1400.0,1340.0
2024-03-24,1280.0,1400.0,1350.0,3,6,10.0,0.746268656716409,1360.0,1147.0,1340.0,1350.0,900.0,1340.0,1350.0
2024-03-25,1280.0,1400.0,1350.0,3,0,0.0,0.0,1360.0,1161.0,1350.0,1350.0,930.0,1350.0,1350.0
2024-03-26,1280.0,1400.0,1350.0,3,1,0.0,0.0,1360.0,1174.3333333333333,1350.0,1350.0,950.0,1350.0,1350.0
2024-03-27,1300.0,1430.0,1360.0,3,2,10.0,0.7407407407407307,1360.0,1188.0,1350.0,1360.0,950.0,1350.0,1360.0
2024-03-28,1300.0,1400.0,1350.0,3,3,-10.0,-0.7352941176470562,1357.142857142857,1200.6666666666667,1360.0,1370.0,970.0,1360.0,1350.0
2024-03-29,1300.0,1430.0,1370.0,3,4,20.0,1.4814814814814836,1352.857142857143,1214.0,1350.0,1400.0,970.0,1350.0,1370.0
2024-03-30,1330.0,1480.0,1400.0,3,5,30.0,2.1897810218978186,1361.4285714285713,1228.0,1370.0,1340.0,980.0,1370.0,1400.0
2024-03-31,1280.0,1400.0,1350.0,3,6,-50.0,-3.57142857142857,1361.4285714285713,1239.6666666666667,1400.0,1350.0,1000.0,1400.0,1350.0
2024-04-01,1280.0,1410.0,1350.0,4,0,0.0,0.0,1361.4285714285713,1248.0,1350.0,1350.0,1100.0,1350.0,1350.0
2024-04-03,1320.0,1470.0,1400.0,4,2,50.0,3.703703703703698,1368.5714285714287,1259.6666666666667,1350.0,1350.0,1050.0,1350.0,1400.0
2024-04-04,1350.0,1500.0,1420.0,4,3,20.0,1.4285714285714235,1377.142857142857,1273.6666666666667,1400.0,1360.0,1000.0,1400.0,1420.0
2024-04-05,1320.0,1460.0,1400.0,4,4,-20.0,-1.4084507042253502,1384.2857142857142,1285.3333333333333,1420.0,1350.0,1050.0,1420.0,1400.0
2024-04-06,1350.0,1480.0,1410.0,4,5,10.0,0.7142857142857117,1390.0,1299.0,1400.0,1370.0,1000.0,1400.0,1410.0
2024-04-07,1400.0,1500.0,1450.0,4,6,40.0,2.8368794326241176,1397.142857142857,1313.3333333333333,1410.0,1400.0,1020.0,1410.0,1450.0
2024-04-08,1400.0,1510.0,1460.0,4,0,10.0,0.6896551724137945,1412.857142857143,1327.0,1450.0,1350.0,1050.0,1450.0,1460.0
2024-04-09,1400.0,1550.0,1470.0,4,1,10.0,0.6849315068493178,1430.0,1341.3333333333333,1460.0,1350.0,1040.0,1460.0,1470.0
2024-04-10,1400.0,1540.0,1480.0,4,2,10.0,0.6802721088435382,1441.4285714285713,1356.3333333333333,1470.0,1400.0,1030.0,1470.0,1480.0
2024-04-11,1400.0,1550.0,1480.0,4,3,0.0,0.0,1450.0,1369.0,1480.0,1420.0,1100.0,1480.0,1480.0
2024-04-12,1480.0,1600.0,1550.0,4,4,70.0,4.729729729729737,1471.4285714285713,1382.3333333333333,1480.0,1400.0,1150.0,1480.0,1550.0
2024-04-13,1490.0,1600.0,1560.0,4,5,10.0,0.6451612903225712,1492.857142857143,1394.3333333333333,1550.0,1410.0,1200.0,1550.0,1560.0
2024-04-14,1470.0,1600.0,1550.0,4,6,-10.0,-0.6410256410256387,1507.142857142857,1404.3333333333333,1560.0,1450.0,1250.0,1560.0,1550.0
2024-04-15,1510.0,1630.0,1580.0,4,0,30.0,1.9354838709677358,1524.2857142857142,1410.3333333333333,1550.0,1460.0,1400.0,1550.0,1580.0
2024-04-16,1500.0,1640.0,1585.0,4,1,5.0,0.31645569620253333,1540.7142857142858,1418.1666666666667,1580.0,1470.0,1350.0,1580.0,1585.0
2024-04-17,1560.0,1700.0,1620.0,4,2,35.0,2.208201892744488,1560.7142857142858,1427.1666666666667,1585.0,1480.0,1350.0,1585.0,1620.0
2024-04-18,1580.0,1700.0,1650.0,4,3,30.0,1.85185185185186,1585.0,1437.1666666666667,1620.0,1480.0,1350.0,1620.0,1650.0
2024-04-19,1580.0,1700.0,1650.0,4,4,0.0,0.0,1599.2857142857142,1447.1666666666667,1650.0,1550.0,1350.0,1650.0,1650.0
2024-04-20,1580.0,1700.0,1650.0,4,5,0.0,0.0,1612.142857142857,1456.8333333333333,1650.0,1560.0,1360.0,1650.0,1650.0
2024-04-21,1600.0,1730.0,1670.0,4,6,20.0,1.21212121212122,1629.2857142857142,1466.8333333333333,1650.0,1550.0,1370.0,1650.0,1670.0
2024-04-22,1600.0,1710.0,1660.0,4,0,-10.0,-0.5988023952095856,1640.7142857142858,1475.5,1670.0,1580.0,1400.0,1670.0,1660.0
2024-04-23,1600.0,1740.0,1670.0,4,1,10.0,0.6024096385542244,1652.857142857143,1486.5,1660.0,1585.0,1340.0,1660.0,1670.0
2024-04-24,1580.0,1720.0,1660.0,4,2,-10.0,-0.5988023952095856,1658.5714285714287,1496.8333333333333,1670.0,1620.0,1350.0,1670.0,1660.0
2024-04-25,1600.0,1740.0,1680.0,4,3,20.0,1.2048192771084265,1662.857142857143,1507.8333333333333,1660.0,1650.0,1350.0,1660.0,1680.0
2024-04-26,1610.0,1750.0,1680.0,4,4,0.0,0.0,1667.142857142857,1518.8333333333333,1680.0,1650.0,1350.0,1680.0,1680.0
2024-04-27,1610.0,1740.0,1680.0,4,5,0.0,0.0,1671.4285714285713,1529.5,1680.0,1650.0,1360.0,1680.0,1680.0
2024-04-28,1630.0,1780.0,1700.0,4,6,20.0,1.1904761904761862,1675.7142857142858,1541.1666666666667,1680.0,1670.0,1350.0,1680.0,1700.0
2024-04-29,1680.0,1800.0,1750.0,4,0,50.0,2.941176470588225,1688.5714285714287,1553.8333333333333,1700.0,1660.0,1370.0,1700.0,1750.0
2024-04-30,1630.0,1780.0,1700.0,4,1,-50.0,-2.857142857142858,1692.857142857143,1563.8333333333333,1750.0,1670.0,1400.0,1750.0,1700.0
2024-05-01,1660.0,1780.0,1730.0,5,2,30.0,1.764705882352935,1702.857142857143,1576.5,1700.0,1660.0,1350.0,1700.0,1730.0
2024-05-02,1680.0,1800.0,1750.0,5,3,20.0,1.1560693641618602,1712.857142857143,1589.8333333333333,1730.0,1680.0,1350.0,1730.0,1750.0
2024-05-03,1700.0,1820.0,1760.0,5,4,10.0,0.5714285714285783,1724.2857142857142,1601.8333333333333,1750.0,1680.0,1400.0,1750.0,1760.0
2024-05-04,1700.0,1850.0,1780.0,5,5,20.0,1.1363636363636465,1738.5714285714287,1613.8333333333333,1760.0,1680.0,1420.0,1760.0,1780.0
2024-05-05,1700.0,1840.0,1770.0,5,6,-10.0,-0.5617977528089901,1748.5714285714287,1626.1666666666667,1780.0,1700.0,1400.0,1780.0,1770.0
2024-05-06,1700.0,1840.0,1780.0,5,0,10.0,0.5649717514124353,1752.857142857143,1638.5,1770.0,1750.0,1410.0,1770.0,1780.0
2024-05-07,1680.0,1820.0,1760.0,5,1,-20.0,-1.1235955056179803,1761.4285714285713,1648.8333333333333,1780.0,1700.0,1450.0,1780.0,1760.0
2024-05-08,1680.0,1800.0,1750.0,5,2,-10.0,-0.5681818181818232,1764.2857142857142,1658.5,1760.0,1730.0,1460.0,1760.0,1750.0
2024-05-09,1670.0,1800.0,1740.0,5,3,-10.0,-0.5714285714285672,1762.857142857143,1667.5,1750.0,1750.0,1470.0,1750.0,1740.0
2024-05-10,1700.0,1850.0,1780.0,5,4,40.0,2.298850574712641,1765.7142857142858,1677.5,1740.0,1760.0,1480.0,1740.0,1780.0
2024-05-11,1700.0,1800.0,1760.0,5,5,-20.0,-1.1235955056179803,1762.857142857143,1686.8333333333333,1780.0,1780.0,1480.0,1780.0,1760.0
2024-05-12,1700.0,1800.0,1750.0,5,6,-10.0,-0.5681818181818232,1760.0,1693.5,1760.0,1770.0,1550.0,1760.0,1750.0
2024-05-13,1680.0,1800.0,1750.0,5,0,0.0,0.0,1755.7142857142858,1699.8333333333333,1750.0,1780.0,1560.0,1750.0,1750.0
2024-05-14,1700.0,1830.0,1775.0,5,1,25.0,1.4285714285714235,1757.857142857143,1707.3333333333333,1750.0,1760.0,1550.0,1750.0,1775.0
2024-05-15,1720.0,1850.0,1780.0,5,2,5.0,0.28169014084507005,1762.142857142857,1714.0,1775.0,1750.0,1580.0,1775.0,1780.0
2024-05-16,1710.0,1840.0,1770.0,5,3,-10.0,-0.5617977528089901,1766.4285714285713,1720.1666666666667,1780.0,1740.0,1585.0,1780.0,1770.0
2024-05-17,1680.0,1820.0,1760.0,5,4,-10.0,-0.5649717514124242,1763.5714285714287,1724.8333333333333,1770.0,1780.0,1620.0,1770.0,1760.0
2024-05-18,1700.0,1840.0,1770.0,5,5,10.0,0.5681818181818121,1765.0,1728.8333333333333,1760.0,1760.0,1650.0,1760.0,1770.0
2024-05-19,1700.0,1800.0,1750.0,5,6,-20.0,-1.1299435028248594,1765.0,1732.1666666666667,1770.0,1750.0,1650.0,1770.0,1750.0
2024-05-20,1700.0,1840.0,1780.0,5,0,30.0,1.7142857142857126,1769.2857142857142,1736.5,1750.0,1750.0,1650.0,1750.0,1780.0
2024-05-21,1700.0,1840.0,1770.0,5,1,-10.0,-0.5617977528089901,1768.5714285714287,1739.8333333333333,1780.0,1775.0,1670.0,1780.0,1770.0
2024-05-22,1730.0,1870.0,1800.0,5,2,30.0,1.6949152542372836,1771.4285714285713,1744.5,1770.0,1780.0,1660.0,1770.0,1800.0
2024-05-23,1710.0,1850.0,1780.0,5,3,-20.0,-1.1111111111111072,1772.857142857143,1748.1666666666667,1800.0,1770.0,1670.0,1800.0,1780.0
2024-05-24,1720.0,1840.0,1780.0,5,4,0.0,0.0,1775.7142857142858,1752.1666666666667,1780.0,1760.0,1660.0,1780.0,1780.0
2024-05-25,1730.0,1880.0,1800.0,5,5,20.0,1.1235955056179803,1780.0,1756.1666666666667,1780.0,1770.0,1680.0,1780.0,1800.0
2024-05-26,1700.0,1850.0,1780.0,5,6,-20.0,-1.1111111111111072,1784.2857142857142,1759.5,1800.0,1750.0,1680.0,1800.0,1780.0
2024-05-27,1730.0,1875.0,1800.0,5,0,20.0,1.1235955056179803,1787.142857142857,1763.5,1780.0,1780.0,1680.0,1780.0,1800.0
2024-05-28,1740.0,1850.0,1800.0,5,1,0.0,0.0,1791.4285714285713,1766.8333333333333,1800.0,1770.0,1700.0,1800.0,1800.0
2024-05-29,1710.0,1850.0,1780.0,5,2,-20.0,-1.1111111111111072,1788.5714285714287,1767.8333333333333,1800.0,1800.0,1750.0,1800.0,1780.0
2024-05-30,1740.0,1860.0,1800.0,5,3,20.0,1.1235955056179803,1791.4285714285713,1771.1666666666667,1780.0,1780.0,1700.0,1780.0,1800.0
2024-05-31,1730.0,1870.0,1800.0,5,4,0.0,0.0,1794.2857142857142,1773.5,1800.0,1780.0,1730.0,1800.0,1800.0
2024-06-01,1740.0,1890.0,1810.0,6,5,10.0,0.5555555555555536,1795.7142857142858,1775.5,1800.0,1800.0,1750.0,1800.0,1810.0
2024-06-02,1750.0,1900.0,1820.0,6,6,10.0,0.5524861878453136,1801.4285714285713,1777.5,1810.0,1780.0,1760.0,1810.0,1820.0
2024-06-03,1750.0,1890.0,1820.0,6,0,0.0,0.0,1804.2857142857142,1778.8333333333333,1820.0,1800.0,1780.0,1820.0,1820.0
2024-06-04,1760.0,1900.0,1825.0,6,1,5.0,0.27472527472527375,1807.857142857143,1780.6666666666667,1820.0,1800.0,1770.0,1820.0,1825.0
2024-06-05,1750.0,1880.0,1820.0,6,2,-5.0,-0.2739726027397249,1813.5714285714287,1782.0,1825.0,1780.0,1780.0,1825.0,1820.0
2024-06-06,1760.0,1900.0,1820.0,6,3,0.0,0.0,1816.4285714285713,1784.0,1820.0,1800.0,1760.0,1820.0,1820.0
2024-06-07,1770.0,1900.0,1840.0,6,4,20.0,1.098901098901095,1822.142857142857,1787.0,1820.0,1800.0,1750.0,1820.0,1840.0
2024-06-09,1770.0,1900.0,1830.0,6,6,-10.0,-0.5434782608695676,1825.0,1790.0,1840.0,1810.0,1740.0,1840.0,1830.0
2024-06-10,1780.0,1900.0,1850.0,6,0,20.0,1.0928961748633892,1829.2857142857142,1792.3333333333333,1830.0,1820.0,1780.0,1830.0,1850.0
2024-06-11,1770.0,1900.0,1840.0,6,1,-10.0,-0.540540540540535,1832.142857142857,1795.0,1850.0,1820.0,1760.0,1850.0,1840.0
2024-06-12,1800.0,1920.0,1850.0,6,2,10.0,0.5434782608695565,1835.7142857142858,1798.3333333333333,1840.0,1825.0,1750.0,1840.0,1850.0
2024-06-13,1760.0,1900.0,1820.0,6,3,-30.0,-1.6216216216216162,1835.7142857142858,1800.6666666666667,1850.0,1820.0,1750.0,1850.0,1820.0
2024-06-14,1770.0,1900.0,1840.0,6,4,20.0,1.098901098901095,1838.5714285714287,1802.8333333333333,1820.0,1820.0,1775.0,1820.0,1840.0
2024-06-15,1780.0,1910.0,1850.0,6,5,10.0,0.5434782608695565,1840.0,1805.1666666666667,1840.0,1840.0,1780.0,1840.0,1850.0
2024-06-16,1790.0,1900.0,1850.0,6,6,0.0,0.0,1842.857142857143,1807.8333333333333,1850.0,1830.0,1770.0,1850.0,1850.0
2024-06-17,1800.0,1920.0,1850.0,6,0,0.0,0.0,1842.857142857143,1810.8333333333333,1850.0,1850.0,1760.0,1850.0,1850.0
2024-06-18,1800.0,1940.0,1870.0,6,1,20.0,1.08108108108107,1847.142857142857,1814.1666666666667,1850.0,1840.0,1770.0,1850.0,1870.0
2024-06-19,1800.0,1940.0,1870.0,6,2,0.0,0.0,1850.0,1818.1666666666667,1870.0,1850.0,1750.0,1870.0,1870.0
2024-06-20,1830.0,1970.0,1900.0,6,3,30.0,1.6042780748663166,1861.4285714285713,1822.1666666666667,1870.0,1820.0,1780.0,1870.0,1900.0
2024-06-21,1830.0,1970.0,1900.0,6,4,0.0,0.0,1870.0,1826.5,1900.0,1840.0,1770.0,1900.0,1900.0
2024-06-22,1930.0,2080.0,2000.0,6,5,100.0,5.263157894736836,1891.4285714285713,1833.1666666666667,1900.0,1850.0,1800.0,1900.0,2000.0
2024-06-23,1900.0,2050.0,1970.0,6,6,-30.0,-1.5000000000000013,1908.5714285714287,1839.5,2000.0,1850.0,1780.0,2000.0,1970.0
2024-06-25,1920.0,2050.0,1980.0,6,1,10.0,0.50761421319796,1927.142857142857,1846.1666666666667,1970.0,1850.0,1780.0,1970.0,1980.0
2024-06-26,1980.0,2100.0,2050.0,6,2,70.0,3.535353535353525,1952.857142857143,1854.5,1980.0,1870.0,1800.0,1980.0,2050.0
2024-06-27,1930.0,2070.0,2000.0,6,3,-50.0,-2.4390243902439046,1971.4285714285713,1861.8333333333333,2050.0,1870.0,1780.0,2050.0,2000.0
2024-06-28,1980.0,2100.0,2050.0,6,4,50.0,2.499999999999991,1992.857142857143,1870.1666666666667,2000.0,1900.0,1800.0,2000.0,2050.0
2024-06-29,2000.0,2140.0,2070.0,6,5,20.0,0.9756097560975618,2017.142857142857,1879.1666666666667,2050.0,1900.0,1800.0,2050.0,2070.0
2024-06-30,2070.0,2200.0,2140.0,6,6,70.0,3.3816425120772875,2037.142857142857,1891.1666666666667,2070.0,2000.0,1780.0,2070.0,2140.0
2024-07-01,2080.0,2200.0,2150.0,7,0,10.0,0.4672897196261738,2062.8571428571427,1902.8333333333333,2140.0,1970.0,1800.0,2140.0,2150.0
2024-07-02,2150.0,2280.0,2210.0,7,1,60.0,2.7906976744185963,2095.714285714286,1916.5,2150.0,1980.0,1800.0,2150.0,2210.0
2024-07-03,2130.0,2270.0,2200.0,7,2,-10.0,-0.4524886877828038,2117.1428571428573,1929.5,2210.0,2050.0,1810.0,2210.0,2200.0
2024-07-04,2150.0,2280.0,2210.0,7,3,10.0,0.454545454545463,2147.1428571428573,1942.5,2200.0,2000.0,1820.0,2200.0,2210.0
2024-07-05,2170.0,2300.0,2240.0,7,4,30.0,1.3574660633484115,2174.285714285714,1956.5,2210.0,2050.0,1820.0,2210.0,2240.0
2024-07-06,2180.0,2300.0,2250.0,7,5,10.0,0.44642857142858094,2200.0,1970.6666666666667,2240.0,2070.0,1825.0,2240.0,2250.0
2024-07-07,2280.0,2400.0,2350.0,7,6,100.0,4.444444444444451,2230.0,1988.3333333333333,2250.0,2140.0,1820.0,2250.0,2350.0
2024-07-08,2300.0,2400.0,2350.0,7,0,0.0,0.0,2258.5714285714284,2006.0,2350.0,2150.0,1820.0,2350.0,2350.0
2024-07-09,2280.0,2400.0,2340.0,7,1,-10.0,-0.42553191489361764,2277.1428571428573,2022.6666666666667,2350.0,2210.0,1840.0,2350.0,2340.0
2024-07-10,2330.0,2470.0,2400.0,7,2,60.0,2.564102564102555,2305.714285714286,2041.6666666666667,2340.0,2200.0,1830.0,2340.0,2400.0
2024-07-11,2350.0,2430.0,2400.0,7,3,0.0,0.0,2332.8571428571427,2060.0,2400.0,2210.0,1850.0,2400.0,2400.0
2024-07-12,2300.0,2430.0,2370.0,7,4,-30.0,-1.2499999999999956,2351.4285714285716,2077.6666666666665,2400.0,2240.0,1840.0,2400.0,2370.0
2024-07-13,2320.0,2450.0,2390.0,7,5,20.0,0.8438818565400741,2371.4285714285716,2095.6666666666665,2370.0,2250.0,1850.0,2370.0,2390.0
2024-07-14,2330.0,2470.0,2400.0,7,6,10.0,0.4184100418409997,2378.5714285714284,2115.0,2390.0,2350.0,1820.0,2390.0,2400.0
2024-07-15,2330.0,2480.0,2400.0,7,0,0.0,0.0,2385.714285714286,2133.6666666666665,2400.0,2350.0,1840.0,2400.0,2400.0
2024-07-16,2310.0,2440.0,2380.0,7,1,-20.0,-0.8333333333333304,2391.4285714285716,2151.3333333333335,2400.0,2340.0,1850.0,2400.0,2380.0
2024-07-17,2340.0,2470.0,2400.0,7,2,20.0,0.8403361344537785,2391.4285714285716,2169.6666666666665,2380.0,2400.0,1850.0,2380.0,2400.0
2024-07-18,2340.0,2480.0,2400.0,7,3,0.0,0.0,2391.4285714285716,2188.0,2400.0,2400.0,1850.0,2400.0,2400.0
2024-07-19,2300.0,2450.0,2380.0,7,4,-20.0,-0.8333333333333304,2392.8571428571427,2205.0,2400.0,2370.0,1870.0,2400.0,2380.0
2024-07-20,2310.0,2440.0,2370.0,7,5,-10.0,-0.42016806722688926,2390.0,2221.6666666666665,2380.0,2390.0,1870.0,2380.0,2370.0
2024-07-21,2310.0,2440.0,2380.0,7,6,10.0,0.42194092827003704,2387.1428571428573,2237.6666666666665,2370.0,2400.0,1900.0,2370.0,2380.0
2024-07-22,2300.0,2430.0,2375.0,7,0,-5.0,-0.21008403361344463,2383.5714285714284,2253.5,2380.0,2400.0,1900.0,2380.0,2375.0
2024-07-23,2300.0,2400.0,2350.0,7,1,-25.0,-1.0526315789473717,2379.285714285714,2265.1666666666665,2375.0,2380.0,2000.0,2375.0,2350.0
2024-07-24,2290.0,2400.0,2350.0,7,2,0.0,0.0,2372.1428571428573,2277.8333333333335,2350.0,2400.0,1970.0,2350.0,2350.0
2024-07-25,2300.0,2420.0,2360.0,7,3,10.0,0.42553191489360653,2366.4285714285716,2290.5,2350.0,2400.0,1980.0,2350.0,2360.0
2024-07-26,2240.0,2380.0,2300.0,7,4,-60.0,-2.5423728813559365,2355.0,2298.8333333333335,2360.0,2380.0,2050.0,2360.0,2300.0
2024-07-27,2240.0,2370.0,2300.0,7,5,0.0,0.0,2345.0,2308.8333333333335,2300.0,2370.0,2000.0,2300.0,2300.0
2024-07-28,2260.0,2400.0,2320.0,7,6,20.0,0.8695652173912993,2336.4285714285716,2317.8333333333335,2300.0,2380.0,2050.0,2300.0,2320.0
2024-07-29,2260.0,2400.0,2330.0,7,0,10.0,0.4310344827586299,2330.0,2326.5,2320.0,2375.0,2070.0,2320.0,2330.0
2024-07-30,2260.0,2390.0,2320.0,7,1,-10.0,-0.42918454935622075,2325.714285714286,2332.5,2330.0,2350.0,2140.0,2330.0,2320.0
2024-07-31,2270.0,2400.0,2330.0,7,2,10.0,0.4310344827586299,2322.8571428571427,2338.5,2320.0,2350.0,2150.0,2320.0,2330.0
2024-08-01,2240.0,2370.0,2300.0,8,3,-30.0,-1.2875536480686733,2314.285714285714,2341.5,2330.0,2360.0,2210.0,2330.0,2300.0
2024-08-02,2200.0,2350.0,2280.0,8,4,-20.0,-0.8695652173912993,2311.4285714285716,2344.1666666666665,2300.0,2300.0,2200.0,2300.0,2280.0
2024-08-03,2230.0,2380.0,2300.0,8,5,20.0,0.8771929824561431,2311.4285714285716,2347.1666666666665,2280.0,2300.0,2210.0,2280.0,2300.0
2024-08-04,2200.0,2340.0,2285.0,8,6,-15.0,-0.6521739130434745,2306.4285714285716,2348.6666666666665,2300.0,2320.0,2240.0,2300.0,2285.0
2024-08-05,2240.0,2380.0,2300.0,8,0,15.0,0.6564551422319376,2302.1428571428573,2350.3333333333335,2285.0,2330.0,2250.0,2285.0,2300.0
2024-08-06,2200.0,2340.0,2280.0,8,1,-20.0,-0.8695652173912993,2296.4285714285716,2348.0,2300.0,2320.0,2350.0,2300.0,2280.0
2024-08-07,2230.0,2370.0,2300.0,8,2,20.0,0.8771929824561431,2292.1428571428573,2346.3333333333335,2280.0,2330.0,2350.0,2280.0,2300.0
2024-08-08,2200.0,2330.0,2270.0,8,3,-30.0,-1.30434782608696,2287.8571428571427,2344.0,2300.0,2300.0,2340.0,2300.0,2270.0
2024-08-09,2200.0,2300.0,2250.0,8,4,-20.0,-0.8810572687224627,2283.5714285714284,2339.0,2270.0,2280.0,2400.0,2270.0,2250.0
2024-08-10,2200.0,2340.0,2270.0,8,5,20.0,0.8888888888888946,2279.285714285714,2334.6666666666665,2250.0,2300.0,2400.0,2250.0,2270.0
2024-08-11,2200.0,2300.0,2250.0,8,6,-20.0,-0.8810572687224627,2274.285714285714,2330.6666666666665,2270.0,2285.0,2370.0,2270.0,2250.0
2024-08-12,2210.0,2340.0,2275.0,8,0,25.0,1.1111111111111072,2270.714285714286,2326.8333333333335,2250.0,2300.0,2390.0,2250.0,2275.0
2024-08-13,2200.0,2340.0,2270.0,8,1,-5.0,-0.219780219780219,2269.285714285714,2322.5,2275.0,2280.0,2400.0,2275.0,2270.0
2024-08-14,2200.0,2340.0,2280.0,8,2,10.0,0.4405286343612369,2266.4285714285716,2318.5,2270.0,2300.0,2400.0,2270.0,2280.0
2024-08-15,2240.0,2370.0,2300.0,8,3,20.0,0.8771929824561431,2270.714285714286,2315.8333333333335,2280.0,2270.0,2380.0,2280.0,2300.0
2024-08-16,2250.0,2380.0,2310.0,8,4,10.0,0.43478260869564966,2279.285714285714,2312.8333333333335,2300.0,2250.0,2400.0,2300.0,2310.0
2024-08-17,2230.0,2370.0,2300.0,8,5,-10.0,-0.43290043290042934,2283.5714285714284,2309.5,2310.0,2270.0,2400.0,2310.0,2300.0
2024-08-18,2250.0,2380.0,2310.0,8,6,10.0,0.43478260869564966,2292.1428571428573,2307.1666666666665,2300.0,2250.0,2380.0,2300.0,2310.0
2024-08-19,2240.0,2380.0,2300.0,8,0,-10.0,-0.43290043290042934,2295.714285714286,2304.8333333333335,2310.0,2275.0,2370.0,2310.0,2300.0
2024-08-20,2240.0,2380.0,2300.0,8,1,0.0,0.0,2300.0,2302.1666666666665,2300.0,2270.0,2380.0,2300.0,2300.0
2024-08-21,2200.0,2350.0,2280.0,8,2,-20.0,-0.8695652173912993,2300.0,2299.0,2300.0,2280.0,2375.0,2300.0,2280.0
2024-08-22,2200.0,2340.0,2275.0,8,3,-5.0,-0.21929824561403022,2296.4285714285716,2296.5,2280.0,2300.0,2350.0,2280.0,2275.0
2024-08-23,2200.0,2320.0,2260.0,8,4,-15.0,-0.659340659340657,2289.285714285714,2293.5,2275.0,2310.0,2350.0,2275.0,2260.0
2024-08-24,2230.0,2380.0,2300.0,8,5,40.0,1.7699115044247815,2289.285714285714,2291.5,2260.0,2300.0,2360.0,2260.0,2300.0
2024-08-25,2210.0,2350.0,2280.0,8,6,-20.0,-0.8695652173912993,2285.0,2290.8333333333335,2300.0,2310.0,2300.0,2300.0,2280.0
2024-08-26,2220.0,2370.0,2300.0,8,0,20.0,0.8771929824561431,2285.0,2290.8333333333335,2280.0,2300.0,2300.0,2280.0,2300.0
2024-08-27,2200.0,2350.0,2290.0,8,1,-10.0,-0.43478260869564966,2283.5714285714284,2289.8333333333335,2300.0,2300.0,2320.0,2300.0,2290.0
2024-08-28,2250.0,2400.0,2320.0,8,2,30.0,1.3100436681222627,2289.285714285714,2289.5,2290.0,2280.0,2330.0,2290.0,2320.0
2024-08-29,2230.0,2380.0,2300.0,8,3,-20.0,-0.8620689655172376,2292.8571428571427,2288.8333333333335,2320.0,2275.0,2320.0,2320.0,2300.0
2024-08-30,2200.0,2350.0,2280.0,8,4,-20.0,-0.8695652173912993,2295.714285714286,2287.1666666666665,2300.0,2260.0,2330.0,2300.0,2280.0
2024-08-31,2220.0,2350.0,2290.0,8,5,10.0,0.43859649122806044,2294.285714285714,2286.8333333333335,2280.0,2300.0,2300.0,2280.0,2290.0
2024-09-01,2210.0,2350.0,2280.0,9,6,-10.0,-0.4366812227074246,2294.285714285714,2286.8333333333335,2290.0,2280.0,2280.0,2290.0,2280.0
2024-09-02,2230.0,2370.0,2300.0,9,0,20.0,0.8771929824561431,2294.285714285714,2286.8333333333335,2280.0,2300.0,2300.0,2280.0,2300.0
2024-09-03,2200.0,2350.0,2280.0,9,1,-20.0,-0.8695652173912993,2292.8571428571427,2286.6666666666665,2300.0,2290.0,2285.0,2300.0,2280.0
2024-09-04,2250.0,2380.0,2320.0,9,2,40.0,1.7543859649122862,2292.8571428571427,2287.3333333333335,2280.0,2320.0,2300.0,2280.0,2320.0
2024-09-05,2200.0,2330.0,2275.0,9,3,-45.0,-1.93965517241379,2289.285714285714,2287.1666666666665,2320.0,2300.0,2280.0,2320.0,2275.0
2024-09-06,2210.0,2340.0,2280.0,9,4,5.0,0.219780219780219,2289.285714285714,2286.5,2275.0,2280.0,2300.0,2275.0,2280.0
2024-09-07,2210.0,2340.0,2270.0,9,5,-10.0,-0.43859649122807154,2286.4285714285716,2286.5,2280.0,2290.0,2270.0,2280.0,2270.0
2024-09-08,2240.0,2370.0,2300.0,9,6,30.0,1.3215859030837107,2289.285714285714,2288.1666666666665,2270.0,2280.0,2250.0,2270.0,2300.0
2024-09-09,2230.0,2380.0,2300.0,9,0,0.0,0.0,2289.285714285714,2289.1666666666665,2300.0,2300.0,2270.0,2300.0,2300.0
2024-09-10,2210.0,2340.0,2280.0,9,1,-20.0,-0.8695652173912993,2289.285714285714,2290.1666666666665,2300.0,2280.0,2250.0,2300.0,2280.0
2024-09-11,2220.0,2340.0,2280.0,9,2,0.0,0.0,2283.5714285714284,2290.3333333333335,2280.0,2320.0,2275.0,2280.0,2280.0
2024-09-12,2140.0,2280.0,2200.0,9,3,-80.0,-3.508771929824561,2272.8571428571427,2288.0,2280.0,2275.0,2270.0,2280.0,2200.0
2024-09-13,2130.0,2270.0,2200.0,9,4,0.0,0.0,2261.4285714285716,2285.3333333333335,2200.0,2280.0,2280.0,2200.0,2200.0
2024-09-14,2130.0,2280.0,2200.0,9,5,0.0,0.0,2251.4285714285716,2282.0,2200.0,2270.0,2300.0,2200.0,2200.0
2024-09-15,2030.0,2180.0,2100.0,9,6,-100.0,-4.545454545454541,2222.8571428571427,2275.0,2200.0,2300.0,2310.0,2200.0,2100.0
2024-09-16,2050.0,2200.0,2110.0,9,0,10.0,0.4761904761904745,2195.714285714286,2268.6666666666665,2100.0,2300.0,2300.0,2100.0,2110.0
2024-09-17,2040.0,2170.0,2100.0,9,1,-10.0,-0.4739336492891044,2170.0,2261.6666666666665,2110.0,2280.0,2310.0,2110.0,2100.0
2024-09-18,2030.0,2180.0,2100.0,9,2,0.0,0.0,2144.285714285714,2255.0,2100.0,2280.0,2300.0,2100.0,2100.0
2024-09-19,2060.0,2190.0,2120.0,9,3,20.0,0.952380952380949,2132.8571428571427,2249.0,2100.0,2200.0,2300.0,2100.0,2120.0
2024-09-20,2100.0,2200.0,2150.0,9,4,30.0,1.4150943396226356,2125.714285714286,2244.6666666666665,2120.0,2200.0,2280.0,2120.0,2150.0
2024-09-21,2080.0,2210.0,2150.0,9,5,0.0,0.0,2118.5714285714284,2240.5,2150.0,2200.0,2275.0,2150.0,2150.0
2024-09-22,2070.0,2200.0,2140.0,9,6,-10.0,-0.46511627906976605,2124.285714285714,2236.5,2150.0,2100.0,2260.0,2150.0,2140.0
2024-09-23,2060.0,2200.0,2130.0,9,0,-10.0,-0.4672897196261627,2127.1428571428573,2230.8333333333335,2140.0,2110.0,2300.0,2140.0,2130.0
2024-09-24,2150.0,2300.0,2220.0,9,1,90.0,4.225352112676051,2144.285714285714,2228.8333333333335,2130.0,2100.0,2280.0,2130.0,2220.0
2024-09-25,2140.0,2270.0,2200.0,9,2,-20.0,-0.9009009009009028,2158.5714285714284,2225.5,2220.0,2100.0,2300.0,2220.0,2200.0
2024-09-26,2090.0,2200.0,2150.0,9,3,-50.0,-2.2727272727272707,2162.8571428571427,2220.8333333333335,2200.0,2120.0,2290.0,2200.0,2150.0
2024-09-27,2100.0,2200.0,2150.0,9,4,0.0,0.0,2162.8571428571427,2215.1666666666665,2150.0,2150.0,2320.0,2150.0,2150.0
2024-09-28,2030.0,2180.0,2100.0,9,5,-50.0,-2.3255813953488413,2155.714285714286,2208.5,2150.0,2150.0,2300.0,2150.0,2100.0
2024-09-29,2020.0,2180.0,2100.0,9,6,0.0,0.0,2150.0,2202.5,2100.0,2140.0,2280.0,2100.0,2100.0
2024-09-30,2000.0,2150.0,2080.0,9,0,-20.0,-0.952380952380949,2142.8571428571427,2195.5,2100.0,2130.0,2290.0,2100.0,2080.0
2024-10-01,2040.0,2170.0,2100.0,10,1,20.0,0.9615384615384581,2125.714285714286,2189.5,2080.0,2220.0,2280.0,2080.0,2100.0
2024-10-02,2030.0,2180.0,2100.0,10,2,0.0,0.0,2111.4285714285716,2182.8333333333335,2100.0,2200.0,2300.0,2100.0,2100.0
2024-10-03,2060.0,2180.0,2120.0,10,3,20.0,0.952380952380949,2107.1428571428573,2177.5,2100.0,2150.0,2280.0,2100.0,2120.0
2024-10-04,2080.0,2200.0,2140.0,10,4,20.0,0.9433962264151052,2105.714285714286,2171.5,2120.0,2150.0,2320.0,2120.0,2140.0
2024-10-05,2050.0,2180.0,2110.0,10,5,-30.0,-1.4018691588784993,2107.1428571428573,2166.0,2140.0,2100.0,2275.0,2140.0,2110.0
2024-10-06,2050.0,2200.0,2120.0,10,6,10.0,0.4739336492890933,2110.0,2160.6666666666665,2110.0,2100.0,2280.0,2110.0,2120.0
2024-10-08,2060.0,2200.0,2140.0,10,1,20.0,0.9433962264151052,2118.5714285714284,2156.3333333333335,2120.0,2080.0,2270.0,2120.0,2140.0
2024-10-09,2050.0,2190.0,2120.0,10,2,-20.0,-0.9345794392523366,2121.4285714285716,2150.3333333333335,2140.0,2100.0,2300.0,2140.0,2120.0
2024-10-10,2080.0,2200.0,2150.0,10,3,30.0,1.4150943396226356,2128.5714285714284,2145.3333333333335,2120.0,2100.0,2300.0,2120.0,2150.0
2024-10-11,2100.0,2250.0,2180.0,10,4,30.0,1.3953488372093092,2137.1428571428573,2142.0,2150.0,2120.0,2280.0,2150.0,2180.0
2024-10-12,2100.0,2230.0,2160.0,10,5,-20.0,-0.917431192660545,2140.0,2138.0,2180.0,2140.0,2280.0,2180.0,2160.0
2024-10-13,2110.0,2250.0,2180.0,10,6,20.0,0.92592592592593,2150.0,2137.3333333333335,2160.0,2110.0,2200.0,2160.0,2180.0
2024-10-14,2100.0,2210.0,2150.0,10,0,-30.0,-1.3761467889908285,2154.285714285714,2135.6666666666665,2180.0,2120.0,2200.0,2180.0,2150.0
2024-10-15,2070.0,2200.0,2140.0,10,1,-10.0,-0.46511627906976605,2154.285714285714,2133.6666666666665,2150.0,2140.0,2200.0,2150.0,2140.0
2024-10-16,2000.0,2170.0,2100.0,10,2,-40.0,-1.869158878504673,2151.4285714285716,2133.6666666666665,2140.0,2120.0,2100.0,2140.0,2100.0
2024-10-17,2040.0,2190.0,2110.0,10,3,10.0,0.4761904761904745,2145.714285714286,2133.6666666666665,2100.0,2150.0,2110.0,2100.0,2110.0
2024-10-18,2060.0,2200.0,2130.0,10,4,20.0,0.9478672985782088,2138.5714285714284,2134.6666666666665,2110.0,2180.0,2100.0,2110.0,2130.0
2024-10-19,2030.0,2180.0,2100.0,10,5,-30.0,-1.4084507042253502,2130.0,2134.6666666666665,2130.0,2160.0,2100.0,2130.0,2100.0
2024-10-20,2040.0,2200.0,2120.0,10,6,20.0,0.952380952380949,2121.4285714285716,2134.6666666666665,2100.0,2180.0,2120.0,2100.0,2120.0
2024-10-21,2030.0,2170.0,2100.0,10,0,-20.0,-0.9433962264150941,2114.285714285714,2133.0,2120.0,2150.0,2150.0,2120.0,2100.0
2024-10-22,2050.0,2180.0,2110.0,10,1,10.0,0.4761904761904745,2110.0,2131.6666666666665,2100.0,2140.0,2150.0,2100.0,2110.0
2024-10-23,2060.0,2200.0,2130.0,10,2,20.0,0.9478672985782088,2114.285714285714,2131.3333333333335,2110.0,2100.0,2140.0,2110.0,2130.0
2024-10-24,2050.0,2200.0,2120.0,10,3,-10.0,-0.46948356807511304,2115.714285714286,2131.0,2130.0,2110.0,2130.0,2130.0,2120.0
2024-10-25,2060.0,2200.0,2130.0,10,4,10.0,0.4716981132075526,2115.714285714286,2128.0,2120.0,2130.0,2220.0,2120.0,2130.0
2024-10-26,2060.0,2200.0,2140.0,10,5,10.0,0.46948356807512415,2121.4285714285716,2126.0,2130.0,2100.0,2200.0,2130.0,2140.0
2024-10-27,2030.0,2180.0,2100.0,10,6,-40.0,-1.869158878504673,2118.5714285714284,2124.3333333333335,2140.0,2120.0,2150.0,2140.0,2100.0
2024-10-28,2000.0,2150.0,2080.0,10,0,-20.0,-0.952380952380949,2115.714285714286,2122.0,2100.0,2100.0,2150.0,2100.0,2080.0
2024-10-29,2030.0,2180.0,2100.0,10,1,20.0,0.9615384615384581,2114.285714285714,2122.0,2080.0,2110.0,2100.0,2080.0,2100.0
2024-10-30,2040.0,2180.0,2100.0,10,2,0.0,0.0,2110.0,2122.0,2100.0,2130.0,2100.0,2100.0,2100.0
2024-10-31,2050.0,2200.0,2120.0,10,3,20.0,0.952380952380949,2110.0,2123.3333333333335,2100.0,2120.0,2080.0,2100.0,2120.0
2024-11-01,2100.0,2200.0,2150.0,11,4,30.0,1.4150943396226356,2112.8571428571427,2125.0,2120.0,2130.0,2100.0,2120.0,2150.0
2024-11-02,2040.0,2170.0,2100.0,11,5,-50.0,-2.3255813953488413,2107.1428571428573,2125.0,2150.0,2140.0,2100.0,2150.0,2100.0
2024-11-03,2030.0,2180.0,2100.0,11,6,0.0,0.0,2107.1428571428573,2124.3333333333335,2100.0,2100.0,2120.0,2100.0,2100.0
2024-11-04,2000.0,2150.0,2090.0,11,0,-10.0,-0.4761904761904745,2108.5714285714284,2122.6666666666665,2100.0,2080.0,2140.0,2100.0,2090.0
2024-11-05,2030.0,2180.0,2100.0,11,1,10.0,0.4784688995215225,2108.5714285714284,2122.3333333333335,2090.0,2100.0,2110.0,2090.0,2100.0
2024-11-06,2050.0,2200.0,2130.0,11,2,30.0,1.4285714285714235,2112.8571428571427,2122.6666666666665,2100.0,2100.0,2120.0,2100.0,2130.0
2024-11-07,2080.0,2200.0,2150.0,11,3,20.0,0.9389671361502261,2117.1428571428573,2123.0,2130.0,2120.0,2140.0,2130.0,2150.0
2024-11-08,2060.0,2200.0,2140.0,11,4,-10.0,-0.46511627906976605,2115.714285714286,2123.6666666666665,2150.0,2150.0,2120.0,2150.0,2140.0
2024-11-09,2060.0,2200.0,2140.0,11,5,0.0,0.0,2121.4285714285716,2123.3333333333335,2140.0,2100.0,2150.0,2140.0,2140.0
2024-11-10,2030.0,2180.0,2100.0,11,6,-40.0,-1.869158878504673,2121.4285714285716,2120.6666666666665,2140.0,2100.0,2180.0,2140.0,2100.0
2024-11-11,2050.0,2200.0,2130.0,11,0,30.0,1.4285714285714235,2127.1428571428573,2119.6666666666665,2100.0,2090.0,2160.0,2100.0,2130.0
2024-11-12,2100.0,2200.0,2150.0,11,1,20.0,0.9389671361502261,2134.285714285714,2118.6666666666665,2130.0,2100.0,2180.0,2130.0,2150.0
2024-11-13,2000.0,2180.0,2100.0,11,2,-50.0,-2.3255813953488413,2130.0,2117.0,2150.0,2130.0,2150.0,2150.0,2100.0
2024-11-14,2030.0,2180.0,2100.0,11,3,0.0,0.0,2122.8571428571427,2115.6666666666665,2100.0,2150.0,2140.0,2100.0,2100.0
2024-11-15,2000.0,2150.0,2080.0,11,4,-20.0,-0.952380952380949,2114.285714285714,2115.0,2100.0,2140.0,2100.0,2100.0,2080.0
2024-11-16,2040.0,2180.0,2100.0,11,5,20.0,0.9615384615384581,2108.5714285714284,2114.6666666666665,2080.0,2140.0,2110.0,2080.0,2100.0
2024-11-17,2060.0,2200.0,2140.0,11,6,40.0,1.904761904761898,2114.285714285714,2115.0,2100.0,2100.0,2130.0,2100.0,2140.0
2024-11-18,2060.0,2200.0,2140.0,11,0,0.0,0.0,2115.714285714286,2116.3333333333335,2140.0,2130.0,2100.0,2140.0,2140.0
2024-11-19,2100.0,2210.0,2150.0,11,1,10.0,0.4672897196261738,2115.714285714286,2117.3333333333335,2140.0,2150.0,2120.0,2140.0,2150.0
2024-11-20,2060.0,2200.0,2130.0,11,2,-20.0,-0.9302325581395321,2120.0,2118.3333333333335,2150.0,2100.0,2100.0,2150.0,2130.0
2024-11-21,2100.0,2210.0,2150.0,11,3,20.0,0.9389671361502261,2127.1428571428573,2119.6666666666665,2130.0,2100.0,2110.0,2130.0,2150.0
2024-11-22,2050.0,2190.0,2120.0,11,4,-30.0,-1.3953488372092981,2132.8571428571427,2119.3333333333335,2150.0,2080.0,2130.0,2150.0,2120.0
2024-11-23,2050.0,2190.0,2110.0,11,5,-10.0,-0.4716981132075526,2134.285714285714,2119.0,2120.0,2100.0,2120.0,2120.0,2110.0
2024-11-24,2080.0,2200.0,2150.0,11,6,40.0,1.8957345971563955,2135.714285714286,2119.6666666666665,2110.0,2140.0,2130.0,2110.0,2150.0
2024-11-25,2060.0,2200.0,2140.0,11,0,-10.0,-0.46511627906976605,2135.714285714286,2119.6666666666665,2150.0,2140.0,2140.0,2150.0,2140.0
2024-11-26,2030.0,2180.0,2100.0,11,1,-40.0,-1.869158878504673,2128.5714285714284,2119.6666666666665,2140.0,2150.0,2100.0,2140.0,2100.0
2024-11-27,2050.0,2200.0,2130.0,11,2,30.0,1.4285714285714235,2128.5714285714284,2121.3333333333335,2100.0,2130.0,2080.0,2100.0,2130.0
2024-11-28,2100.0,2200.0,2150.0,11,3,20.0,0.9389671361502261,2128.5714285714284,2123.0,2130.0,2150.0,2100.0,2130.0,2150.0
2024-11-29,2060.0,2200.0,2130.0,11,4,-20.0,-0.9302325581395321,2130.0,2124.0,2150.0,2120.0,2100.0,2150.0,2130.0
2024-11-30,2030.0,2180.0,2100.0,11,5,-30.0,-1.4084507042253502,2128.5714285714284,2123.3333333333335,2130.0,2110.0,2120.0,2130.0,2100.0
2024-12-01,2050.0,2200.0,2120.0,12,6,20.0,0.952380952380949,2124.285714285714,2122.3333333333335,2100.0,2150.0,2150.0,2100.0,2120.0
2024-12-02,2070.0,2200.0,2140.0,12,0,20.0,0.9433962264151052,2124.285714285714,2123.6666666666665,2120.0,2140.0,2100.0,2120.0,2140.0
2024-12-03,2070.0,2200.0,2140.0,12,1,0.0,0.0,2130.0,2125.0,2140.0,2100.0,2100.0,2140.0,2140.0
2024-12-04,2100.0,2200.0,2150.0,12,2,10.0,0.4672897196261738,2132.8571428571427,2127.0,2140.0,2130.0,2090.0,2140.0,2150.0
2024-12-05,2100.0,2220.0,2150.0,12,3,0.0,0.0,2132.8571428571427,2128.6666666666665,2150.0,2150.0,2100.0,2150.0,2150.0
2024-12-06,2100.0,2250.0,2180.0,12,4,30.0,1.3953488372093092,2140.0,2130.3333333333335,2150.0,2130.0,2130.0,2150.0,2180.0
2024-12-07,2100.0,2250.0,2170.0,12,5,-10.0,-0.4587155963302725,2150.0,2131.0,2180.0,2100.0,2150.0,2180.0,2170.0
2024-12-08,2100.0,2250.0,2180.0,12,6,10.0,0.4608294930875667,2158.5714285714284,2132.3333333333335,2170.0,2120.0,2140.0,2170.0,2180.0
2024-12-09,2100.0,2250.0,2170.0,12,0,-10.0,-0.4587155963302725,2162.8571428571427,2133.3333333333335,2180.0,2140.0,2140.0,2180.0,2170.0
2024-12-10,2100.0,2240.0,2175.0,12,1,5.0,0.23041474654377225,2167.8571428571427,2135.8333333333335,2170.0,2140.0,2100.0,2170.0,2175.0
2024-12-11,2060.0,2200.0,2140.0,12,2,-35.0,-1.6091954022988464,2166.4285714285716,2136.1666666666665,2175.0,2150.0,2130.0,2175.0,2140.0
2024-12-12,1980.0,2100.0,2050.0,12,3,-90.0,-4.2056074766355085,2152.1428571428573,2132.8333333333335,2140.0,2150.0,2150.0,2140.0,2050.0
2024-12-13,1960.0,2100.0,2030.0,12,4,-20.0,-0.9756097560975618,2130.714285714286,2130.5,2050.0,2180.0,2100.0,2050.0,2030.0
2024-12-14,1980.0,2120.0,2040.0,12,5,10.0,0.49261083743843415,2112.1428571428573,2128.5,2030.0,2170.0,2100.0,2030.0,2040.0
2024-12-15,1900.0,2020.0,1950.0,12,6,-90.0,-4.411764705882348,2079.285714285714,2124.1666666666665,2040.0,2180.0,2080.0,2040.0,1950.0
2024-12-16,1900.0,2000.0,1950.0,12,0,0.0,0.0,2047.857142857143,2119.1666666666665,1950.0,2170.0,2100.0,1950.0,1950.0
2024-12-17,1880.0,2030.0,1950.0,12,1,0.0,0.0,2015.7142857142858,2112.8333333333335,1950.0,2175.0,2140.0,1950.0,1950.0
2024-12-18,1850.0,2000.0,1920.0,12,2,-30.0,-1.538461538461533,1984.2857142857142,2105.5,1950.0,2140.0,2140.0,1950.0,1920.0
2024-12-19,1830.0,1980.0,1900.0,12,3,-20.0,-1.041666666666663,1962.857142857143,2097.1666666666665,1920.0,2050.0,2150.0,1920.0,1900.0
2024-12-20,1800.0,1900.0,1850.0,12,4,-50.0,-2.631578947368418,1937.142857142857,2087.8333333333335,1900.0,2030.0,2130.0,1900.0,1850.0
2024-12-21,1800.0,1920.0,1850.0,12,5,0.0,0.0,1910.0,2077.8333333333335,1850.0,2040.0,2150.0,1850.0,1850.0
2024-12-22,1760.0,1900.0,1830.0,12,6,-20.0,-1.0810810810810811,1892.857142857143,2068.1666666666665,1850.0,1950.0,2120.0,1850.0,1830.0
2024-12-23,1700.0,1800.0,1750.0,12,0,-80.0,-4.371584699453557,1864.2857142857142,2056.1666666666665,1830.0,1950.0,2110.0,1830.0,1750.0
2024-12-24,1600.0,1700.0,1650.0,12,1,-100.0,-5.714285714285716,1821.4285714285713,2039.5,1750.0,1950.0,2150.0,1750.0,1650.0
2024-12-25,1530.0,1670.0,1600.0,12,2,-50.0,-3.0303030303030276,1775.7142857142858,2021.5,1650.0,1920.0,2140.0,1650.0,1600.0
2024-12-26,1580.0,1700.0,1640.0,12,3,40.0,2.499999999999991,1738.5714285714287,2006.1666666666667,1600.0,1900.0,2100.0,1600.0,1640.0
2024-12-27,1550.0,1700.0,1630.0,12,4,-10.0,-0.6097560975609762,1707.142857142857,1989.5,1640.0,1850.0,2130.0,1640.0,1630.0
2024-12-28,1530.0,1670.0,1600.0,12,5,-30.0,-1.8404907975460127,1671.4285714285713,1971.1666666666667,1630.0,1850.0,2150.0,1630.0,1600.0
2024-12-29,1500.0,1640.0,1570.0,12,6,-30.0,-1.8750000000000044,1634.2857142857142,1952.5,1600.0,1830.0,2130.0,1600.0,1570.0
2024-12-30,1500.0,1600.0,1550.0,12,0,-20.0,-1.273885350318471,1605.7142857142858,1934.1666666666667,1570.0,1750.0,2100.0,1570.0,1550.0
2024-12-31,1440.0,1580.0,1500.0,12,1,-50.0,-3.2258064516129004,1584.2857142857142,1913.5,1550.0,1650.0,2120.0,1550.0,1500.0
2025-01-01,1400.0,1530.0,1470.0,1,2,-30.0,-2.0000000000000018,1565.7142857142858,1891.1666666666667,1500.0,1600.0,2140.0,1500.0,1470.0
2025-01-02,1400.0,1550.0,1480.0,1,3,10.0,0.6802721088435382,1542.857142857143,1869.1666666666667,1470.0,1640.0,2140.0,1470.0,1480.0
2025-01-03,1400.0,1550.0,1470.0,1,4,-10.0,-0.6756756756756799,1520.0,1846.5,1480.0,1630.0,2150.0,1480.0,1470.0
2025-01-04,1380.0,1520.0,1440.0,1,5,-30.0,-2.0408163265306145,1497.142857142857,1822.8333333333333,1470.0,1600.0,2150.0,1470.0,1440.0
2025-01-05,1320.0,1490.0,1400.0,1,6,-40.0,-2.777777777777779,1472.857142857143,1796.8333333333333,1440.0,1570.0,2180.0,1440.0,1400.0
2025-01-06,1330.0,1480.0,1400.0,1,0,0.0,0.0,1451.4285714285713,1771.1666666666667,1400.0,1550.0,2170.0,1400.0,1400.0
2025-01-07,1330.0,1480.0,1400.0,1,1,0.0,0.0,1437.142857142857,1745.1666666666667,1400.0,1500.0,2180.0,1400.0,1400.0
2025-01-08,1350.0,1500.0,1420.0,1,2,20.0,1.4285714285714235,1430.0,1720.1666666666667,1400.0,1470.0,2170.0,1400.0,1420.0
2025-01-09,1340.0,1480.0,1400.0,1,3,-20.0,-1.4084507042253502,1418.5714285714287,1694.3333333333333,1420.0,1480.0,2175.0,1420.0,1400.0
2025-01-10,1300.0,1450.0,1380.0,1,4,-20.0,-1.4285714285714235,1405.7142857142858,1669.0,1400.0,1470.0,2140.0,1400.0,1380.0
2025-01-11,1300.0,1420.0,1360.0,1,5,-20.0,-1.449275362318836,1394.2857142857142,1646.0,1380.0,1440.0,2050.0,1380.0,1360.0
2025-01-12,1300.0,1400.0,1350.0,1,6,-10.0,-0.7352941176470562,1387.142857142857,1623.3333333333333,1360.0,1400.0,2030.0,1360.0,1350.0
2025-01-13,1280.0,1400.0,1350.0,1,0,0.0,0.0,1380.0,1600.3333333333333,1350.0,1400.0,2040.0,1350.0,1350.0
2025-01-14,1300.0,1400.0,1350.0,1,1,0.0,0.0,1372.857142857143,1580.3333333333333,1350.0,1400.0,1950.0,1350.0,1350.0
2025-01-15,1250.0,1400.0,1330.0,1,2,-20.0,-1.4814814814814836,1360.0,1559.6666666666667,1350.0,1420.0,1950.0,1350.0,1330.0
2025-01-16,1240.0,1380.0,1300.0,1,3,-30.0,-2.2556390977443663,1345.7142857142858,1538.0,1330.0,1400.0,1950.0,1330.0,1300.0
2025-01-17,1230.0,1380.0,1300.0,1,4,0.0,0.0,1334.2857142857142,1517.3333333333333,1300.0,1380.0,1920.0,1300.0,1300.0
2025-01-18,1200.0,1340.0,1270.0,1,5,-30.0,-2.3076923076923106,1321.4285714285713,1496.3333333333333,1300.0,1360.0,1900.0,1300.0,1270.0
2025-01-19,1130.0,1280.0,1210.0,1,6,-60.0,-4.7244094488189,1301.4285714285713,1475.0,1270.0,1350.0,1850.0,1270.0,1210.0
2025-01-20,1150.0,1280.0,1210.0,1,0,0.0,0.0,1281.4285714285713,1453.6666666666667,1210.0,1350.0,1850.0,1210.0,1210.0
2025-01-21,1120.0,1280.0,1200.0,1,1,-10.0,-0.8264462809917328,1260.0,1432.6666666666667,1210.0,1350.0,1830.0,1210.0,1200.0
2025-01-22,1130.0,1280.0,1200.0,1,2,0.0,0.0,1241.4285714285713,1414.3333333333333,1200.0,1330.0,1750.0,1200.0,1200.0
2025-01-23,1100.0,1220.0,1160.0,1,3,-40.0,-3.3333333333333326,1221.4285714285713,1398.0,1200.0,1300.0,1650.0,1200.0,1160.0
2025-01-24,1100.0,1210.0,1150.0,1,4,-10.0,-0.8620689655172376,1200.0,1383.0,1160.0,1300.0,1600.0,1160.0,1150.0
2025-01-25,1100.0,1250.0,1180.0,1,5,30.0,2.60869565217392,1187.142857142857,1367.6666666666667,1150.0,1270.0,1640.0,1150.0,1180.0
2025-01-26,1020.0,1170.0,1100.0,1,6,-80.0,-6.779661016949157,1171.4285714285713,1350.0,1180.0,1210.0,1630.0,1180.0,1100.0
2025-01-27,1000.0,1150.0,1080.0,1,0,-20.0,-1.8181818181818188,1152.857142857143,1332.6666666666667,1100.0,1210.0,1600.0,1100.0,1080.0
2025-01-28,900.0,1050.0,980.0,1,1,-100.0,-9.259259259259256,1121.4285714285713,1313.0,1080.0,1200.0,1570.0,1080.0,980.0
2025-01-29,900.0,1050.0,970.0,1,2,-10.0,-1.0204081632653073,1088.5714285714287,1293.6666666666667,980.0,1200.0,1550.0,980.0,970.0
2025-01-30,900.0,1050.0,980.0,1,3,10.0,1.0309278350515427,1062.857142857143,1276.3333333333333,970.0,1160.0,1500.0,970.0,980.0
2025-01-31,940.0,1080.0,1000.0,1,4,20.0,2.0408163265306145,1041.4285714285713,1260.6666666666667,980.0,1150.0,1470.0,980.0,1000.0
2025-02-01,850.0,1000.0,930.0,2,5,-70.0,-6.999999999999995,1005.7142857142857,1242.3333333333333,1000.0,1180.0,1480.0,1000.0,930.0
2025-02-02,950.0,1100.0,1050.0,2,6,120.0,12.903225806451623,998.5714285714286,1228.3333333333333,930.0,1100.0,1470.0,930.0,1050.0
2025-02-03,900.0,1000.0,950.0,2,0,-100.0,-9.523809523809524,980.0,1212.0,1050.0,1080.0,1440.0,1050.0,950.0
2025-02-04,870.0,1000.0,940.0,2,1,-10.0,-1.0526315789473717,974.2857142857143,1196.6666666666667,950.0,980.0,1400.0,950.0,940.0
2025-02-05,930.0,1060.0,1000.0,2,2,60.0,6.382978723404253,978.5714285714286,1183.3333333333333,940.0,970.0,1400.0,940.0,1000.0
2025-02-06,900.0,1040.0,980.0,2,3,-20.0,-2.0000000000000018,978.5714285714286,1169.3333333333333,1000.0,980.0,1400.0,1000.0,980.0
2025-02-07,900.0,1040.0,970.0,2,4,-10.0,-1.0204081632653073,974.2857142857143,1154.3333333333333,980.0,1000.0,1420.0,980.0,970.0
2025-02-08,900.0,1050.0,980.0,2,5,10.0,1.0309278350515427,981.4285714285714,1140.3333333333333,970.0,930.0,1400.0,970.0,980.0
2025-02-09,900.0,1040.0,970.0,2,6,-10.0,-1.0204081632653073,970.0,1126.6666666666667,980.0,1050.0,1380.0,980.0,970.0
2025-02-10,940.0,1080.0,1000.0,2,0,30.0,3.092783505154628,977.1428571428571,1114.6666666666667,970.0,950.0,1360.0,970.0,1000.0
2025-02-11,900.0,1050.0,980.0,2,1,-20.0,-2.0000000000000018,982.8571428571429,1102.3333333333333,1000.0,940.0,1350.0,1000.0,980.0
2025-02-12,930.0,1070.0,1000.0,2,2,20.0,2.0408163265306145,982.8571428571429,1090.6666666666667,980.0,1000.0,1350.0,980.0,1000.0
2025-02-13,900.0,1020.0,960.0,2,3,-40.0,-4.0000000000000036,980.0,1077.6666666666667,1000.0,980.0,1350.0,1000.0,960.0
2025-02-14,900.0,1050.0,980.0,2,4,20.0,2.083333333333326,981.4285714285714,1066.0,960.0,970.0,1330.0,960.0,980.0
2025-02-15,930.0,1060.0,1000.0,2,5,20.0,2.0408163265306145,984.2857142857143,1056.0,980.0,980.0,1300.0,980.0,1000.0
2025-02-16,940.0,1080.0,1000.0,2,6,0.0,0.0,988.5714285714286,1046.0,1000.0,970.0,1300.0,1000.0,1000.0
2025-02-17,950.0,1080.0,1020.0,2,0,20.0,2.0000000000000018,991.4285714285714,1037.6666666666667,1000.0,1000.0,1270.0,1000.0,1020.0
2025-02-18,960.0,1100.0,1030.0,2,1,10.0,0.9803921568627416,998.5714285714286,1031.6666666666667,1020.0,980.0,1210.0,1020.0,1030.0
2025-02-19,960.0,1100.0,1030.0,2,2,0.0,0.0,1002.8571428571429,1025.6666666666667,1030.0,1000.0,1210.0,1030.0,1030.0
2025-02-20,1000.0,1100.0,1050.0,2,3,20.0,1.9417475728155331,1015.7142857142857,1020.6666666666666,1030.0,960.0,1200.0,1030.0,1050.0
2025-02-21,930.0,1080.0,1000.0,2,4,-50.0,-4.761904761904767,1018.5714285714286,1014.0,1050.0,980.0,1200.0,1050.0,1000.0
2025-02-22,950.0,1080.0,1010.0,2,5,10.0,1.0000000000000009,1020.0,1009.0,1000.0,1000.0,1160.0,1000.0,1010.0
2025-02-23,940.0,1080.0,1000.0,2,6,-10.0,-0.990099009900991,1020.0,1004.0,1010.0,1000.0,1150.0,1010.0,1000.0
2025-02-24,950.0,1100.0,1020.0,2,0,20.0,2.0000000000000018,1020.0,998.6666666666666,1000.0,1020.0,1180.0,1000.0,1020.0
2025-02-25,980.0,1100.0,1050.0,2,1,30.0,2.941176470588225,1022.8571428571429,997.0,1020.0,1030.0,1100.0,1020.0,1050.0
2025-02-26,950.0,1100.0,1030.0,2,2,-20.0,-1.904761904761909,1022.8571428571429,995.3333333333334,1050.0,1030.0,1080.0,1050.0,1030.0
2025-02-27,980.0,1100.0,1050.0,2,3,20.0,1.9417475728155331,1022.8571428571429,997.6666666666666,1030.0,1050.0,980.0,1030.0,1050.0
2025-02-28,950.0,1100.0,1030.0,2,4,-20.0,-1.904761904761909,1027.142857142857,999.6666666666666,1050.0,1000.0,970.0,1050.0,1030.0
2025-03-01,950.0,1090.0,1030.0,3,5,0.0,0.0,1030.0,1001.3333333333334,1030.0,1010.0,980.0,1030.0,1030.0
2025-03-02,950.0,1080.0,1000.0,3,6,-30.0,-2.9126213592232997,1030.0,1001.3333333333334,1030.0,1000.0,1000.0,1030.0,1000.0
2025-03-03,980.0,1100.0,1050.0,3,0,50.0,5.000000000000004,1034.2857142857142,1005.3333333333334,1000.0,1020.0,930.0,1000.0,1050.0
2025-03-04,1000.0,1100.0,1050.0,3,1,0.0,0.0,1034.2857142857142,1005.3333333333334,1050.0,1050.0,1050.0,1050.0,1050.0
2025-03-05,1000.0,1120.0,1060.0,3,2,10.0,0.952380952380949,1038.5714285714287,1009.0,1050.0,1030.0,950.0,1050.0,1060.0
2025-03-06,1000.0,1150.0,1080.0,3,3,20.0,1.8867924528301883,1042.857142857143,1013.6666666666666,1060.0,1050.0,940.0,1060.0,1080.0
2025-03-07,1000.0,1120.0,1060.0,3,4,-20.0,-1.851851851851849,1047.142857142857,1015.6666666666666,1080.0,1030.0,1000.0,1080.0,1060.0
2025-03-08,1030.0,1170.0,1100.0,3,5,40.0,3.7735849056603765,1057.142857142857,1019.6666666666666,1060.0,1030.0,980.0,1060.0,1100.0
2025-03-09,1030.0,1170.0,1100.0,3,6,0.0,0.0,1071.4285714285713,1024.0,1100.0,1000.0,970.0,1100.0,1100.0
2025-03-10,1080.0,1200.0,1140.0,3,0,40.0,3.6363636363636376,1084.2857142857142,1029.3333333333333,1100.0,1050.0,980.0,1100.0,1140.0
2025-03-11,1060.0,1200.0,1125.0,3,1,-15.0,-1.3157894736842146,1095.0,1034.5,1140.0,1050.0,970.0,1140.0,1125.0
2025-03-12,1060.0,1200.0,1140.0,3,2,15.0,1.333333333333342,1106.4285714285713,1039.1666666666667,1125.0,1060.0,1000.0,1125.0,1140.0
2025-03-13,1050.0,1200.0,1120.0,3,3,-20.0,-1.7543859649122862,1112.142857142857,1043.8333333333333,1140.0,1080.0,980.0,1140.0,1120.0
2025-03-14,1050.0,1180.0,1120.0,3,4,0.0,0.0,1120.7142857142858,1047.8333333333333,1120.0,1060.0,1000.0,1120.0,1120.0
2025-03-15,1060.0,1200.0,1130.0,3,5,10.0,0.8928571428571397,1125.0,1053.5,1120.0,1100.0,960.0,1120.0,1130.0
2025-03-16,1100.0,1220.0,1160.0,3,6,30.0,2.6548672566371723,1133.5714285714287,1059.5,1130.0,1100.0,980.0,1130.0,1160.0
2025-03-17,1100.0,1200.0,1150.0,3,0,-10.0,-0.8620689655172376,1135.0,1064.5,1160.0,1140.0,1000.0,1160.0,1150.0
2025-03-18,1050.0,1200.0,1120.0,3,1,-30.0,-2.608695652173909,1134.2857142857142,1068.5,1150.0,1125.0,1000.0,1150.0,1120.0
2025-03-19,1030.0,1180.0,1100.0,3,2,-20.0,-1.7857142857142905,1128.5714285714287,1071.1666666666667,1120.0,1140.0,1020.0,1120.0,1100.0
2025-03-20,1000.0,1150.0,1080.0,3,3,-20.0,-1.8181818181818188,1122.857142857143,1072.8333333333333,1100.0,1120.0,1030.0,1100.0,1080.0
2025-03-21,1000.0,1140.0,1070.0,3,4,-10.0,-0.92592592592593,1115.7142857142858,1074.1666666666667,1080.0,1120.0,1030.0,1080.0,1070.0
2025-03-22,1000.0,1100.0,1050.0,3,5,-20.0,-1.869158878504673,1104.2857142857142,1074.1666666666667,1070.0,1130.0,1050.0,1070.0,1050.0
2025-03-23,1000.0,1100.0,1050.0,3,6,0.0,0.0,1088.5714285714287,1075.8333333333333,1050.0,1160.0,1000.0,1050.0,1050.0
2025-03-24,1000.0,1110.0,1060.0,3,0,10.0,0.952380952380949,1075.7142857142858,1077.5,1050.0,1150.0,1010.0,1050.0,1060.0
2025-03-25,1000.0,1100.0,1050.0,3,1,-10.0,-0.9433962264150941,1065.7142857142858,1079.1666666666667,1060.0,1120.0,1000.0,1060.0,1050.0
2025-03-26,1000.0,1100.0,1050.0,3,2,0.0,0.0,1058.5714285714287,1080.1666666666667,1050.0,1100.0,1020.0,1050.0,1050.0
2025-03-27,980.0,1100.0,1040.0,3,3,-10.0,-0.952380952380949,1052.857142857143,1079.8333333333333,1050.0,1080.0,1050.0,1050.0,1040.0
2025-03-28,950.0,1100.0,1030.0,3,4,-10.0,-0.9615384615384581,1047.142857142857,1079.8333333333333,1040.0,1070.0,1030.0,1040.0,1030.0
2025-03-29,950.0,1100.0,1020.0,3,5,-10.0,-0.9708737864077666,1042.857142857143,1078.8333333333333,1030.0,1050.0,1050.0,1030.0,1020.0
2025-03-30,1000.0,1100.0,1050.0,3,6,30.0,2.941176470588225,1042.857142857143,1079.5,1020.0,1050.0,1030.0,1020.0,1050.0
2025-03-31,980.0,1100.0,1050.0,3,0,0.0,0.0,1041.4285714285713,1080.1666666666667,1050.0,1060.0,1030.0,1050.0,1050.0
2025-04-01,980.0,1100.0,1040.0,4,1,-10.0,-0.952380952380949,1040.0,1081.5,1050.0,1050.0,1000.0,1050.0,1040.0
2025-04-02,980.0,1100.0,1050.0,4,2,10.0,0.9615384615384581,1040.0,1081.5,1040.0,1050.0,1050.0,1040.0,1050.0
2025-04-03,1000.0,1100.0,1050.0,4,3,0.0,0.0,1041.4285714285713,1081.5,1050.0,1040.0,1050.0,1050.0,1050.0
2025-04-04,980.0,1100.0,1040.0,4,4,-10.0,-0.952380952380949,1042.857142857143,1080.8333333333333,1050.0,1030.0,1060.0,1050.0,1040.0
2025-04-05,1000.0,1100.0,1050.0,4,5,10.0,0.9615384615384581,1047.142857142857,1079.8333333333333,1040.0,1020.0,1080.0,1040.0,1050.0
2025-04-06,980.0,1120.0,1060.0,4,6,10.0,0.952380952380949,1048.5714285714287,1079.8333333333333,1050.0,1050.0,1060.0,1050.0,1060.0
2025-04-07,1000.0,1120.0,1060.0,4,0,0.0,0.0,1050.0,1078.5,1060.0,1050.0,1100.0,1060.0,1060.0
2025-04-08,980.0,1100.0,1050.0,4,1,-10.0,-0.9433962264150941,1051.4285714285713,1076.8333333333333,1060.0,1040.0,1100.0,1060.0,1050.0
2025-04-09,1000.0,1120.0,1060.0,4,2,10.0,0.952380952380949,1052.857142857143,1074.1666666666667,1050.0,1050.0,1140.0,1050.0,1060.0
2025-04-10,980.0,1100.0,1050.0,4,3,-10.0,-0.9433962264150941,1052.857142857143,1071.6666666666667,1060.0,1050.0,1125.0,1060.0,1050.0
2025-04-11,970.0,1100.0,1050.0,4,4,0.0,0.0,1054.2857142857142,1068.6666666666667,1050.0,1040.0,1140.0,1050.0,1050.0
2025-04-12,1000.0,1100.0,1050.0,4,5,0.0,0.0,1054.2857142857142,1066.3333333333333,1050.0,1050.0,1120.0,1050.0,1050.0
2025-04-13,980.0,1100.0,1040.0,4,6,-10.0,-0.952380952380949,1051.4285714285713,1063.6666666666667,1050.0,1060.0,1120.0,1050.0,1040.0
2025-04-14,1000.0,1120.0,1060.0,4,0,20.0,1.9230769230769162,1051.4285714285713,1061.3333333333333,1040.0,1060.0,1130.0,1040.0,1060.0
2025-04-15,980.0,1130.0,1060.0,4,1,0.0,0.0,1052.857142857143,1058.0,1060.0,1050.0,1160.0,1060.0,1060.0
2025-04-16,1000.0,1130.0,1070.0,4,2,10.0,0.9433962264151052,1054.2857142857142,1055.3333333333333,1060.0,1060.0,1150.0,1060.0,1070.0
2025-04-17,1000.0,1140.0,1080.0,4,3,10.0,0.9345794392523255,1058.5714285714287,1054.0,1070.0,1050.0,1120.0,1070.0,1080.0
2025-04-18,1000.0,1140.0,1070.0,4,4,-10.0,-0.92592592592593,1061.4285714285713,1053.0,1080.0,1050.0,1100.0,1080.0,1070.0
2025-04-19,1000.0,1120.0,1060.0,4,5,-10.0,-0.9345794392523366,1062.857142857143,1052.3333333333333,1070.0,1050.0,1080.0,1070.0,1060.0
2025-04-20,980.0,1100.0,1050.0,4,6,-10.0,-0.9433962264150941,1064.2857142857142,1051.6666666666667,1060.0,1040.0,1070.0,1060.0,1050.0
2025-04-21,1000.0,1150.0,1070.0,4,0,20.0,1.904761904761898,1065.7142857142858,1052.3333333333333,1050.0,1060.0,1050.0,1050.0,1070.0
2025-04-22,1020.0,1150.0,1080.0,4,1,10.0,0.9345794392523255,1068.5714285714287,1053.3333333333333,1070.0,1060.0,1050.0,1070.0,1080.0
2025-04-23,1020.0,1150.0,1085.0,4,2,5.0,0.4629629629629539,1070.7142857142858,1054.1666666666667,1080.0,1070.0,1060.0,1080.0,1085.0
2025-04-24,1020.0,1150.0,1090.0,4,3,5.0,0.4608294930875667,1072.142857142857,1055.5,1085.0,1080.0,1050.0,1085.0,1090.0
2025-04-25,1050.0,1200.0,1120.0,4,4,30.0,2.752293577981657,1079.2857142857142,1057.8333333333333,1090.0,1070.0,1050.0,1090.0,1120.0
2025-04-26,1060.0,1200.0,1130.0,4,5,10.0,0.8928571428571397,1089.2857142857142,1060.8333333333333,1120.0,1060.0,1040.0,1120.0,1130.0
2025-04-27,1050.0,1180.0,1110.0,4,6,-20.0,-1.7699115044247815,1097.857142857143,1063.5,1130.0,1050.0,1030.0,1130.0,1110.0
2025-04-28,1080.0,1200.0,1150.0,4,0,40.0,3.603603603603611,1109.2857142857142,1067.8333333333333,1110.0,1070.0,1020.0,1110.0,1150.0
2025-04-29,1070.0,1200.0,1140.0,4,1,-10.0,-0.8695652173912993,1117.857142857143,1070.8333333333333,1150.0,1080.0,1050.0,1150.0,1140.0
2025-04-30,1060.0,1200.0,1130.0,4,2,-10.0,-0.8771929824561431,1124.2857142857142,1073.5,1140.0,1085.0,1050.0,1140.0,1130.0
2025-05-01,1100.0,1220.0,1160.0,5,3,30.0,2.6548672566371723,1134.2857142857142,1077.5,1130.0,1090.0,1040.0,1130.0,1160.0
2025-05-02,1100.0,1200.0,1150.0,5,4,-10.0,-0.8620689655172376,1138.5714285714287,1080.8333333333333,1160.0,1120.0,1050.0,1160.0,1150.0
2025-05-03,1100.0,1200.0,1150.0,5,5,0.0,0.0,1141.4285714285713,1084.1666666666667,1150.0,1130.0,1050.0,1150.0,1150.0
2025-05-04,1100.0,1230.0,1160.0,5,6,10.0,0.8695652173912993,1148.5714285714287,1088.1666666666667,1150.0,1110.0,1040.0,1150.0,1160.0
2025-05-05,1090.0,1210.0,1160.0,5,0,0.0,0.0,1150.0,1091.8333333333333,1160.0,1150.0,1050.0,1160.0,1160.0
2025-05-06,1100.0,1200.0,1150.0,5,1,-10.0,-0.8620689655172376,1151.4285714285713,1094.8333333333333,1160.0,1140.0,1060.0,1160.0,1150.0
2025-05-07,1100.0,1220.0,1160.0,5,2,10.0,0.8695652173912993,1155.7142857142858,1098.1666666666667,1150.0,1130.0,1060.0,1150.0,1160.0
2025-05-08,1100.0,1200.0,1150.0,5,3,-10.0,-0.8620689655172376,1154.2857142857142,1101.5,1160.0,1160.0,1050.0,1160.0,1150.0
2025-05-09,1100.0,1240.0,1170.0,5,4,20.0,1.7391304347825987,1157.142857142857,1105.1666666666667,1150.0,1150.0,1060.0,1150.0,1170.0
2025-05-10,1100.0,1200.0,1150.0,5,5,-20.0,-1.7094017094017144,1157.142857142857,1108.5,1170.0,1150.0,1050.0,1170.0,1150.0
2025-05-11,1170.0,1300.0,1240.0,5,6,90.0,7.826086956521738,1168.5714285714287,1114.8333333333333,1150.0,1160.0,1050.0,1150.0,1240.0
2025-05-12,1110.0,1240.0,1170.0,5,0,-70.0,-5.645161290322576,1170.0,1118.8333333333333,1240.0,1160.0,1050.0,1240.0,1170.0
2025-05-13,1100.0,1220.0,1160.0,5,1,-10.0,-0.8547008547008517,1171.4285714285713,1122.8333333333333,1170.0,1150.0,1040.0,1170.0,1160.0
2025-05-14,1100.0,1230.0,1165.0,5,2,5.0,0.4310344827586299,1172.142857142857,1126.3333333333333,1160.0,1160.0,1060.0,1160.0,1165.0
2025-05-15,1110.0,1250.0,1180.0,5,3,15.0,1.2875536480686733,1176.4285714285713,1130.3333333333333,1165.0,1150.0,1060.0,1165.0,1180.0
2025-05-16,1100.0,1250.0,1180.0,5,4,0.0,0.0,1177.857142857143,1134.0,1180.0,1170.0,1070.0,1180.0,1180.0
2025-05-17,1100.0,1240.0,1170.0,5,5,-10.0,-0.8474576271186418,1180.7142857142858,1137.0,1180.0,1150.0,1080.0,1180.0,1170.0
2025-05-18,1130.0,1280.0,1200.0,5,6,30.0,2.564102564102555,1175.0,1141.3333333333333,1170.0,1240.0,1070.0,1170.0,1200.0
2025-05-19,1130.0,1275.0,1200.0,5,0,0.0,0.0,1179.2857142857142,1146.0,1200.0,1170.0,1060.0,1200.0,1200.0
2025-05-20,1110.0,1250.0,1180.0,5,1,-20.0,-1.6666666666666718,1182.142857142857,1150.3333333333333,1200.0,1160.0,1050.0,1200.0,1180.0
2025-05-21,1130.0,1270.0,1200.0,5,2,20.0,1.6949152542372836,1187.142857142857,1154.6666666666667,1180.0,1165.0,1070.0,1180.0,1200.0
2025-05-22,1150.0,1300.0,1220.0,5,3,20.0,1.6666666666666607,1192.857142857143,1159.3333333333333,1200.0,1180.0,1080.0,1200.0,1220.0
2025-05-23,1160.0,1300.0,1230.0,5,4,10.0,0.8196721311475308,1200.0,1164.1666666666667,1220.0,1180.0,1085.0,1220.0,1230.0
2025-05-24,1150.0,1300.0,1220.0,5,5,-10.0,-0.8130081300813052,1207.142857142857,1168.5,1230.0,1170.0,1090.0,1230.0,1220.0
2025-05-25,1160.0,1300.0,1230.0,5,6,10.0,0.8196721311475308,1211.4285714285713,1172.1666666666667,1220.0,1200.0,1120.0,1220.0,1230.0
2025-05-26,1150.0,1300.0,1230.0,5,0,0.0,0.0,1215.7142857142858,1175.5,1230.0,1200.0,1130.0,1230.0,1230.0
2025-05-27,1170.0,1300.0,1240.0,5,1,10.0,0.8130081300812941,1224.2857142857142,1179.8333333333333,1230.0,1180.0,1110.0,1230.0,1240.0
2025-05-28,1170.0,1300.0,1240.0,5,2,0.0,0.0,1230.0,1182.8333333333333,1240.0,1200.0,1150.0,1240.0,1240.0
2025-05-29,1160.0,1300.0,1235.0,5,3,-5.0,-0.40322580645161255,1232.142857142857,1186.0,1240.0,1220.0,1140.0,1240.0,1235.0
2025-05-30,1200.0,1300.0,1250.0,5,4,15.0,1.2145748987854255,1235.0,1190.0,1235.0,1230.0,1130.0,1235.0,1250.0
2025-05-31,1200.0,1300.0,1250.0,5,5,0.0,0.0,1239.2857142857142,1193.0,1250.0,1220.0,1160.0,1250.0,1250.0
2025-06-01,1200.0,1310.0,1260.0,6,6,10.0,0.8000000000000007,1243.5714285714287,1196.6666666666667,1250.0,1230.0,1150.0,1250.0,1260.0
2025-06-02,1200.0,1330.0,1270.0,6,0,10.0,0.7936507936507908,1249.2857142857142,1200.6666666666667,1260.0,1230.0,1150.0,1260.0,1270.0
2025-06-03,1200.0,1320.0,1260.0,6,1,-10.0,-0.7874015748031482,1252.142857142857,1204.0,1270.0,1240.0,1160.0,1270.0,1260.0
2025-06-04,1200.0,1300.0,1250.0,6,2,-10.0,-0.7936507936507908,1253.5714285714287,1207.0,1260.0,1240.0,1160.0,1260.0,1250.0
2025-06-05,1200.0,1300.0,1250.0,6,3,0.0,0.0,1255.7142857142858,1210.3333333333333,1250.0,1235.0,1150.0,1250.0,1250.0
2025-06-06,1220.0,1340.0,1280.0,6,4,30.0,2.400000000000002,1260.0,1214.3333333333333,1250.0,1250.0,1160.0,1250.0,1280.0
2025-06-07,1230.0,1370.0,1300.0,6,5,20.0,1.5625,1267.142857142857,1219.3333333333333,1280.0,1250.0,1150.0,1280.0,1300.0
2025-06-08,1200.0,1340.0,1280.0,6,6,-20.0,-1.538461538461533,1270.0,1223.0,1300.0,1260.0,1170.0,1300.0,1280.0
2025-06-09,1220.0,1340.0,1280.0,6,0,0.0,0.0,1271.4285714285713,1227.3333333333333,1280.0,1270.0,1150.0,1280.0,1280.0
2025-06-10,1210.0,1340.0,1280.0,6,1,0.0,0.0,1274.2857142857142,1228.6666666666667,1280.0,1260.0,1240.0,1280.0,1280.0
2025-06-11,1220.0,1340.0,1290.0,6,2,10.0,0.78125,1280.0,1232.6666666666667,1280.0,1250.0,1170.0,1280.0,1290.0
